-- MySQL dump 10.13  Distrib 5.7.17, for Win32 (AMD64)
--
-- Host: localhost    Database: walmart
-- ------------------------------------------------------
-- Server version	5.7.17-log

/*!40101 SET @OLD_CHARACTER_SET_CLIENT=@@CHARACTER_SET_CLIENT */;
/*!40101 SET @OLD_CHARACTER_SET_RESULTS=@@CHARACTER_SET_RESULTS */;
/*!40101 SET @OLD_COLLATION_CONNECTION=@@COLLATION_CONNECTION */;
/*!40101 SET NAMES utf8 */;
/*!40103 SET @OLD_TIME_ZONE=@@TIME_ZONE */;
/*!40103 SET TIME_ZONE='+00:00' */;
/*!40014 SET @OLD_UNIQUE_CHECKS=@@UNIQUE_CHECKS, UNIQUE_CHECKS=0 */;
/*!40014 SET @OLD_FOREIGN_KEY_CHECKS=@@FOREIGN_KEY_CHECKS, FOREIGN_KEY_CHECKS=0 */;
/*!40101 SET @OLD_SQL_MODE=@@SQL_MODE, SQL_MODE='NO_AUTO_VALUE_ON_ZERO' */;
/*!40111 SET @OLD_SQL_NOTES=@@SQL_NOTES, SQL_NOTES=0 */;

--
-- Table structure for table `cliente`
--

DROP TABLE IF EXISTS `cliente`;
/*!40101 SET @saved_cs_client     = @@character_set_client */;
/*!40101 SET character_set_client = utf8 */;
CREATE TABLE `cliente` (
  `id` int(11) NOT NULL AUTO_INCREMENT,
  `persona_id` int(11) NOT NULL,
  PRIMARY KEY (`id`),
  KEY `fk_cliente_persona1_idx` (`persona_id`),
  CONSTRAINT `fk_cliente_persona1` FOREIGN KEY (`persona_id`) REFERENCES `persona` (`id`) ON DELETE NO ACTION ON UPDATE NO ACTION
) ENGINE=InnoDB AUTO_INCREMENT=6 DEFAULT CHARSET=utf8;
/*!40101 SET character_set_client = @saved_cs_client */;

--
-- Dumping data for table `cliente`
--

LOCK TABLES `cliente` WRITE;
/*!40000 ALTER TABLE `cliente` DISABLE KEYS */;
INSERT INTO `cliente` VALUES (1,13),(2,14),(3,15),(4,16),(5,17);
/*!40000 ALTER TABLE `cliente` ENABLE KEYS */;
UNLOCK TABLES;

--
-- Table structure for table `compra`
--

DROP TABLE IF EXISTS `compra`;
/*!40101 SET @saved_cs_client     = @@character_set_client */;
/*!40101 SET character_set_client = utf8 */;
CREATE TABLE `compra` (
  `id` int(11) NOT NULL,
  `cliente_id` int(11) NOT NULL,
  `empleado_id` int(11) NOT NULL,
  `fecha` datetime NOT NULL,
  `idCupon` int(11) DEFAULT NULL,
  PRIMARY KEY (`id`),
  KEY `fk_compra_empleado1_idx` (`empleado_id`),
  KEY `fk_compra_cliente1_idx` (`cliente_id`),
  KEY `idCupon` (`idCupon`),
  CONSTRAINT `compra_ibfk_1` FOREIGN KEY (`idCupon`) REFERENCES `cupon` (`idcupon`)
) ENGINE=InnoDB DEFAULT CHARSET=utf8;
/*!40101 SET character_set_client = @saved_cs_client */;

--
-- Dumping data for table `compra`
--

LOCK TABLES `compra` WRITE;
/*!40000 ALTER TABLE `compra` DISABLE KEYS */;
/*!40000 ALTER TABLE `compra` ENABLE KEYS */;
UNLOCK TABLES;

--
-- Table structure for table `cupon`
--

DROP TABLE IF EXISTS `cupon`;
/*!40101 SET @saved_cs_client     = @@character_set_client */;
/*!40101 SET character_set_client = utf8 */;
CREATE TABLE `cupon` (
  `idcupon` int(11) NOT NULL,
  `descripcion` varchar(100) NOT NULL,
  `descuento` float NOT NULL,
  PRIMARY KEY (`idcupon`)
) ENGINE=InnoDB DEFAULT CHARSET=utf8;
/*!40101 SET character_set_client = @saved_cs_client */;

--
-- Dumping data for table `cupon`
--

LOCK TABLES `cupon` WRITE;
/*!40000 ALTER TABLE `cupon` DISABLE KEYS */;
/*!40000 ALTER TABLE `cupon` ENABLE KEYS */;
UNLOCK TABLES;

--
-- Table structure for table `departamento`
--

DROP TABLE IF EXISTS `departamento`;
/*!40101 SET @saved_cs_client     = @@character_set_client */;
/*!40101 SET character_set_client = utf8 */;
CREATE TABLE `departamento` (
  `id` int(11) NOT NULL,
  `nombre` varchar(45) DEFAULT NULL,
  `estado` int(11) DEFAULT NULL,
  `tienda_id` int(11) NOT NULL,
  PRIMARY KEY (`id`,`tienda_id`),
  KEY `fk_departamento_tienda_idx` (`tienda_id`),
  CONSTRAINT `fk_departamento_tienda` FOREIGN KEY (`tienda_id`) REFERENCES `tienda` (`id`) ON DELETE NO ACTION ON UPDATE NO ACTION
) ENGINE=InnoDB DEFAULT CHARSET=utf8;
/*!40101 SET character_set_client = @saved_cs_client */;

--
-- Dumping data for table `departamento`
--

LOCK TABLES `departamento` WRITE;
/*!40000 ALTER TABLE `departamento` DISABLE KEYS */;
INSERT INTO `departamento` VALUES (1,'Abarrotes',1,1),(2,'Abarrotes',1,2),(3,'Abarrotes',1,3),(4,'Abarrotes',1,4),(5,'Salchichoneria',1,1),(6,'Salchichoneria',1,2),(7,'Salchichoneria',1,3),(8,'Salchichoneria',1,4),(9,'Frutas y Verduras',1,1),(10,'Frutas y Verduras',1,2),(11,'Frutas y Verduras',1,3),(12,'Frutas y Verduras',1,4),(13,'Ropa Temporada',1,1),(14,'Ropa Temporada',1,2),(15,'Ropa Temporada',1,3),(16,'Ropa Temporada',1,4);
/*!40000 ALTER TABLE `departamento` ENABLE KEYS */;
UNLOCK TABLES;

--
-- Table structure for table `detallecompra`
--

DROP TABLE IF EXISTS `detallecompra`;
/*!40101 SET @saved_cs_client     = @@character_set_client */;
/*!40101 SET character_set_client = utf8 */;
CREATE TABLE `detallecompra` (
  `id` int(11) NOT NULL AUTO_INCREMENT,
  `id_producto` varchar(45) DEFAULT NULL,
  `compra_id` int(11) NOT NULL,
  `productos_id` int(11) NOT NULL,
  `cantidad` int(11) DEFAULT NULL,
  `precioCompra` float NOT NULL DEFAULT '0.1',
  PRIMARY KEY (`id`),
  KEY `fk_detalleCompra_compra1_idx` (`compra_id`),
  KEY `fk_detalleCompra_productos1_idx` (`productos_id`),
  CONSTRAINT `fk_detalleCompra_compra1` FOREIGN KEY (`compra_id`) REFERENCES `compra` (`id`) ON DELETE NO ACTION ON UPDATE NO ACTION,
  CONSTRAINT `fk_detalleCompra_productos1` FOREIGN KEY (`productos_id`) REFERENCES `productos` (`id`) ON DELETE NO ACTION ON UPDATE NO ACTION
) ENGINE=InnoDB DEFAULT CHARSET=utf8;
/*!40101 SET character_set_client = @saved_cs_client */;

--
-- Dumping data for table `detallecompra`
--

LOCK TABLES `detallecompra` WRITE;
/*!40000 ALTER TABLE `detallecompra` DISABLE KEYS */;
/*!40000 ALTER TABLE `detallecompra` ENABLE KEYS */;
UNLOCK TABLES;

--
-- Table structure for table `detalleventa`
--

DROP TABLE IF EXISTS `detalleventa`;
/*!40101 SET @saved_cs_client     = @@character_set_client */;
/*!40101 SET character_set_client = utf8 */;
CREATE TABLE `detalleventa` (
  `id` int(11) NOT NULL AUTO_INCREMENT,
  `id_producto` varchar(45) DEFAULT NULL,
  `venta_id` int(11) NOT NULL,
  `productos_id` int(11) NOT NULL,
  `cantidad` int(11) DEFAULT NULL,
  `precioVenta` float NOT NULL DEFAULT '0.1',
  PRIMARY KEY (`id`),
  KEY `fk_detalleVenta_venta1_idx` (`venta_id`),
  KEY `fk_detalleVenta_productos1_idx` (`productos_id`),
  CONSTRAINT `fk_detalleVenta_productos1` FOREIGN KEY (`productos_id`) REFERENCES `productos` (`id`) ON DELETE NO ACTION ON UPDATE NO ACTION,
  CONSTRAINT `fk_detalleVenta_venta1` FOREIGN KEY (`venta_id`) REFERENCES `venta` (`id`) ON DELETE NO ACTION ON UPDATE NO ACTION
) ENGINE=InnoDB DEFAULT CHARSET=utf8;
/*!40101 SET character_set_client = @saved_cs_client */;

--
-- Dumping data for table `detalleventa`
--

LOCK TABLES `detalleventa` WRITE;
/*!40000 ALTER TABLE `detalleventa` DISABLE KEYS */;
/*!40000 ALTER TABLE `detalleventa` ENABLE KEYS */;
UNLOCK TABLES;

--
-- Table structure for table `empleado`
--

DROP TABLE IF EXISTS `empleado`;
/*!40101 SET @saved_cs_client     = @@character_set_client */;
/*!40101 SET character_set_client = utf8 */;
CREATE TABLE `empleado` (
  `id` int(11) NOT NULL AUTO_INCREMENT,
  `puesto` varchar(45) DEFAULT NULL,
  `id_jefe` varchar(45) DEFAULT NULL,
  `persona_id` int(11) NOT NULL,
  `tienda_id` int(11) NOT NULL,
  PRIMARY KEY (`id`),
  KEY `fk_empleado_persona1_idx` (`persona_id`),
  KEY `fk_empleado_tienda1_idx` (`tienda_id`),
  CONSTRAINT `fk_empleado_persona1` FOREIGN KEY (`persona_id`) REFERENCES `persona` (`id`) ON DELETE NO ACTION ON UPDATE NO ACTION,
  CONSTRAINT `fk_empleado_tienda1` FOREIGN KEY (`tienda_id`) REFERENCES `tienda` (`id`) ON DELETE NO ACTION ON UPDATE NO ACTION
) ENGINE=InnoDB AUTO_INCREMENT=10 DEFAULT CHARSET=utf8;
/*!40101 SET character_set_client = @saved_cs_client */;

--
-- Dumping data for table `empleado`
--

LOCK TABLES `empleado` WRITE;
/*!40000 ALTER TABLE `empleado` DISABLE KEYS */;
INSERT INTO `empleado` VALUES (1,'Gerente','1',1,1),(2,'Cajero','1',2,1),(3,'Gerente','3',3,2),(4,'Cajero','3',4,2),(5,'Gerente','5',5,3),(6,'Cajero','5',6,3),(7,'Cajero','5',7,3),(8,'Gerente','8',8,4),(9,'Cajero','8',9,4);
/*!40000 ALTER TABLE `empleado` ENABLE KEYS */;
UNLOCK TABLES;

--
-- Table structure for table `marca`
--

DROP TABLE IF EXISTS `marca`;
/*!40101 SET @saved_cs_client     = @@character_set_client */;
/*!40101 SET character_set_client = utf8 */;
CREATE TABLE `marca` (
  `id` int(11) NOT NULL,
  `descripcion` varchar(100) NOT NULL,
  `descuento` float DEFAULT NULL,
  PRIMARY KEY (`id`)
) ENGINE=InnoDB DEFAULT CHARSET=utf8;
/*!40101 SET character_set_client = @saved_cs_client */;

--
-- Dumping data for table `marca`
--

LOCK TABLES `marca` WRITE;
/*!40000 ALTER TABLE `marca` DISABLE KEYS */;
/*!40000 ALTER TABLE `marca` ENABLE KEYS */;
UNLOCK TABLES;

--
-- Table structure for table `persona`
--

DROP TABLE IF EXISTS `persona`;
/*!40101 SET @saved_cs_client     = @@character_set_client */;
/*!40101 SET character_set_client = utf8 */;
CREATE TABLE `persona` (
  `id` int(11) NOT NULL,
  `nombre` varchar(45) DEFAULT NULL,
  `apat` varchar(45) DEFAULT NULL,
  `amat` varchar(45) DEFAULT NULL,
  `email` varchar(45) DEFAULT NULL,
  `domicilio` varchar(45) DEFAULT NULL,
  PRIMARY KEY (`id`)
) ENGINE=InnoDB DEFAULT CHARSET=utf8;
/*!40101 SET character_set_client = @saved_cs_client */;

--
-- Dumping data for table `persona`
--

LOCK TABLES `persona` WRITE;
/*!40000 ALTER TABLE `persona` DISABLE KEYS */;
INSERT INTO `persona` VALUES (1,'Carlos','Ortega','Gomez','Carlos@gmail.com','San baltazar Campeche'),(2,'Adriana','Cervantes','Sanchez','adriana@gmail.com','Cholula puebla'),(3,'Juan','Rodriguez','Peralta','juan@gmail.com','Chachapa puebla'),(4,'Luis','Rodriguez','Peralta','luis@gmail.com','Bosques seccion 1'),(5,'Uriel','Rodriguez','Peralta','uriel@gmail.com','bosques Seccion 2'),(6,'Pedro','Paramo','Perez','pedro@gmail.com','San Pedro Cholula'),(7,'Juan','Santos','Hernandez','juans@gmail.com','Av Forjadores 10'),(8,'Fernando','Santos','Hernandez','fernando@gmail.com','Av Forjadores 30'),(9,'Marco','HERNANDEZ ','HERNANDEZ ','marco@gmail.com','21 pte 1234'),(10,'Hugo','SOTOMAYOR ','SOTOMAYOR ','hugo@gmail.com','31 pte 2001'),(11,'Eduardo','Rivera','Rivera','eduardo@gmail.com','43 pte 2009'),(12,'MArcela','Velazquez','Velazquez','marcela@gmail.com','20 pte 2003'),(13,'Maria','Delgado','Delgadp','maria@gmail.com','33 ote 4567'),(14,'Denisse','MArquez','Marquez','denisse@gmail.com','23 pte 6789'),(15,'Alejandra','Cruz','CRuz','alejandra@gmail.com','14 pte 908'),(16,'Rosario','Guerrero','Guerrero','rosario@gmail.com','60 pte 1502'),(17,'Sara','Perez','Perez','sara@gmail.com','80 pte 710');
/*!40000 ALTER TABLE `persona` ENABLE KEYS */;
UNLOCK TABLES;

--
-- Table structure for table `productos`
--

DROP TABLE IF EXISTS `productos`;
/*!40101 SET @saved_cs_client     = @@character_set_client */;
/*!40101 SET character_set_client = utf8 */;
CREATE TABLE `productos` (
  `id` int(11) NOT NULL,
  `descripcion` varchar(45) DEFAULT NULL,
  `precioCompra` float DEFAULT NULL,
  `precioVenta` float DEFAULT NULL,
  `departamento_id` int(11) NOT NULL,
  `cantidad` int(11) DEFAULT NULL,
  `unidadDeMedida` varchar(45) NOT NULL,
  `idMarca` int(11) DEFAULT NULL,
  `descuento` float NOT NULL DEFAULT '0',
  PRIMARY KEY (`id`),
  KEY `fk_productos_departamento1_idx` (`departamento_id`),
  KEY `idMarca` (`idMarca`),
  CONSTRAINT `fk_productos_departamento1` FOREIGN KEY (`departamento_id`) REFERENCES `departamento` (`id`) ON DELETE NO ACTION ON UPDATE NO ACTION,
  CONSTRAINT `productos_ibfk_1` FOREIGN KEY (`idMarca`) REFERENCES `marca` (`id`)
) ENGINE=InnoDB DEFAULT CHARSET=utf8;
/*!40101 SET character_set_client = @saved_cs_client */;

--
-- Dumping data for table `productos`
--

LOCK TABLES `productos` WRITE;
/*!40000 ALTER TABLE `productos` DISABLE KEYS */;
INSERT INTO `productos` VALUES (1,'Aceite vegetal (botella)               ',6.79,8.49,1,97,'Litro          ',NULL,0),(2,'Aceituna de botija                     ',12.76,15.95,1,182,'Kilogramo      ',NULL,0),(3,'Ají molido amarillo                    ',4.9,6.13,1,70,'Kilogramo      ',NULL,0),(4,'Ají verde escabeche                    ',3.74,4.68,1,53,'Kilogramo      ',NULL,0),(5,'Ajo entero                             ',16.38,20.48,1,234,'Kilogramo      ',NULL,0),(6,'Apio                                   ',1.95,2.44,1,28,'Kilogramo      ',NULL,0),(7,'Arroz a granel corriente               ',2.45,3.06,1,35,'Kilogramo      ',NULL,0),(8,'Arroz envasado superior                ',3.36,4.2,1,48,'Kilogramo      ',NULL,0),(9,'Arveja seca partida                    ',4.5,5.63,1,64,'Kilogramo      ',NULL,0),(10,'Arveja verde americana                 ',5.69,7.11,1,81,'Kilogramo      ',NULL,0),(11,'Avena a granel                         ',4.03,5.04,1,58,'Kilogramo      ',NULL,0),(12,'Azúcar blanca                          ',2.48,3.1,1,35,'Kilogramo      ',NULL,0),(13,'Azúcar rubia                           ',2.1,2.63,1,30,'Kilogramo      ',NULL,0),(14,'Bofe de res                            ',9.9,12.38,1,141,'Kilogramo      ',NULL,0),(15,'Bonito                                 ',10.28,12.85,1,147,'Kilogramo      ',NULL,0),(16,'Camote amarillo                        ',1.7,2.13,1,24,'Kilogramo      ',NULL,0),(17,'Canela entera                          ',61.35,76.69,1,876,'Kilogramo      ',NULL,0),(18,'Carne molida                           ',16.94,21.18,1,242,'Kilogramo      ',NULL,0),(19,'Carnero                                ',16.58,20.73,1,237,'Kilogramo      ',NULL,0),(20,'Cebolla cabeza                         ',1.81,2.26,1,26,'Kilogramo      ',NULL,0),(21,'Cebolla china                          ',2.89,3.61,1,41,'Kilogramo      ',NULL,0),(22,'Cerdo chuleta                          ',13.77,17.21,1,197,'Kilogramo      ',NULL,0),(23,'Cerveza blanca  1/                     ',5.59,6.99,1,80,'Litro          ',NULL,0),(24,'Choclo criollo                         ',5.92,7.4,1,85,'Kilogramo      ',NULL,0),(25,'Choros                                 ',7.17,8.96,1,102,'Kilogramo      ',NULL,0),(26,'Cojinova                               ',24,30,1,343,'Kilogramo      ',NULL,0),(27,'Comino molido                          ',33.6,42,1,480,'Kilogramo      ',NULL,0),(28,'Espinaca                               ',3.78,4.73,1,54,'Kilogramo      ',NULL,0),(29,'Fideos pasta corta                     ',4.53,5.66,1,65,'Kilogramo      ',NULL,0),(30,'Fideos pasta larga                     ',4.39,5.49,1,63,'Kilogramo      ',NULL,0),(31,'Filete de atún                         ',5.29,6.61,1,76,'Lata           ',NULL,0),(32,'Fréjol canario                         ',9.54,11.93,1,136,'Kilogramo      ',NULL,0),(33,'Fréjol castilla                        ',4.46,5.58,1,64,'Kilogramo      ',NULL,0),(34,'Fréjol panamito                        ',5.17,6.46,1,74,'Kilogramo      ',NULL,0),(35,'Galletas saladas (envasada)            ',14.09,17.61,1,201,'Kilogramo      ',NULL,0),(36,'Galletas dulces (envasada)             ',12.04,15.05,1,172,'Kilogramo      ',NULL,0),(37,'Gallina eviscerada                     ',15.27,19.09,1,218,'Kilogramo      ',NULL,0),(38,'Gaseosa                                ',1.01,1.26,1,14,'Botella mediana',NULL,0),(39,'Granadilla                             ',6.55,8.19,1,94,'Kilogramo      ',NULL,0),(40,'Haba verde                             ',2.81,3.51,1,40,'Kilogramo      ',NULL,0),(41,'Harina de trigo sin preparar (envasada)',3.84,4.8,1,55,'Kilogramo      ',NULL,0),(42,'Hígado de res                          ',10.51,13.14,1,150,'Kilogramo      ',NULL,0),(43,'Hot dog                                ',14.37,17.96,1,205,'Kilogramo      ',NULL,0),(44,'Huevo a granel                         ',5.33,6.66,1,76,'Kilogramo      ',NULL,0),(45,'Jamonada                               ',24.32,30.4,1,347,'Kilogramo      ',NULL,0),(46,'Jugo de frutas                         ',4.24,5.3,1,61,'Vaso           ',NULL,0),(47,'Jurel                                  ',7.96,9.95,1,114,'Kilogramo      ',NULL,0),(48,'Leche evaporada                        ',2.85,3.56,1,41,'Lata grande    ',NULL,0),(49,'Leche fresca                           ',3.51,4.39,1,50,'Litro          ',NULL,0),(50,'Lenteja                                ',4.67,5.84,1,67,'Kilogramo      ',NULL,0),(51,'Limón                                  ',3.18,3.98,1,45,'Kilogramo      ',NULL,0),(52,'Liza                                   ',9.63,12.04,1,138,'Kilogramo      ',NULL,0),(53,'Maíz blanco corriente                  ',4.72,5.9,1,67,'Kilogramo      ',NULL,0),(54,'Maíz morado                            ',3.31,4.14,1,47,'Kilogramo      ',NULL,0),(55,'Mandarina                              ',2.9,3.63,1,41,'Kilogramo      ',NULL,0),(56,'Mango criollo                          ',4.85,6.06,1,69,'Kilogramo      ',NULL,0),(57,'Aceite vegetal (botella)               ',6.79,9.49,2,107,'Litro          ',NULL,0),(58,'Aceituna de botija                     ',12.76,16.95,2,192,'Kilogramo      ',NULL,0),(59,'Ají molido amarillo                    ',4.9,7.13,2,80,'Kilogramo      ',NULL,0),(60,'Ají verde escabeche                    ',3.74,5.68,2,63,'Kilogramo      ',NULL,0),(61,'Ajo entero                             ',16.38,21.48,2,244,'Kilogramo      ',NULL,0),(62,'Apio                                   ',1.95,3.44,2,38,'Kilogramo      ',NULL,0),(63,'Arroz a granel corriente               ',2.45,4.06,2,45,'Kilogramo      ',NULL,0),(64,'Arroz envasado superior                ',3.36,5.2,2,58,'Kilogramo      ',NULL,0),(65,'Arveja seca partida                    ',4.5,6.63,2,74,'Kilogramo      ',NULL,0),(66,'Arveja verde americana                 ',5.69,8.11,2,91,'Kilogramo      ',NULL,0),(67,'Avena a granel                         ',4.03,6.04,2,68,'Kilogramo      ',NULL,0),(68,'Azúcar blanca                          ',2.48,4.1,2,45,'Kilogramo      ',NULL,0),(69,'Azúcar rubia                           ',2.1,3.63,2,40,'Kilogramo      ',NULL,0),(70,'Bofe de res                            ',9.9,13.38,2,151,'Kilogramo      ',NULL,0),(71,'Bonito                                 ',10.28,13.85,2,157,'Kilogramo      ',NULL,0),(72,'Camote amarillo                        ',1.7,3.13,2,34,'Kilogramo      ',NULL,0),(73,'Canela entera                          ',61.35,77.69,2,886,'Kilogramo      ',NULL,0),(74,'Carne molida                           ',16.94,22.18,2,252,'Kilogramo      ',NULL,0),(75,'Carnero                                ',16.58,21.73,2,247,'Kilogramo      ',NULL,0),(76,'Cebolla cabeza                         ',1.81,3.26,2,36,'Kilogramo      ',NULL,0),(77,'Cebolla china                          ',2.89,4.61,2,51,'Kilogramo      ',NULL,0),(78,'Cerdo chuleta                          ',13.77,18.21,2,207,'Kilogramo      ',NULL,0),(79,'Cerveza blanca  1/                     ',5.59,7.99,2,90,'Litro          ',NULL,0),(80,'Choclo criollo                         ',5.92,8.4,2,95,'Kilogramo      ',NULL,0),(81,'Choros                                 ',7.17,9.96,2,112,'Kilogramo      ',NULL,0),(82,'Cojinova                               ',24,31,2,353,'Kilogramo      ',NULL,0),(83,'Comino molido                          ',33.6,43,2,490,'Kilogramo      ',NULL,0),(84,'Espinaca                               ',3.78,5.73,2,64,'Kilogramo      ',NULL,0),(85,'Fideos pasta corta                     ',4.53,6.66,2,75,'Kilogramo      ',NULL,0),(86,'Fideos pasta larga                     ',4.39,6.49,2,73,'Kilogramo      ',NULL,0),(87,'Filete de atún                         ',5.29,7.61,2,86,'Lata           ',NULL,0),(88,'Fréjol canario                         ',9.54,12.93,2,146,'Kilogramo      ',NULL,0),(89,'Fréjol castilla                        ',4.46,6.58,2,74,'Kilogramo      ',NULL,0),(90,'Fréjol panamito                        ',5.17,7.46,2,84,'Kilogramo      ',NULL,0),(91,'Galletas saladas (envasada)            ',14.09,18.61,2,211,'Kilogramo      ',NULL,0),(92,'Galletas dulces (envasada)             ',12.04,16.05,2,182,'Kilogramo      ',NULL,0),(93,'Gallina eviscerada                     ',15.27,20.09,2,228,'Kilogramo      ',NULL,0),(94,'Gaseosa                                ',1.01,2.26,2,24,'Botella mediana',NULL,0),(95,'Granadilla                             ',6.55,9.19,2,104,'Kilogramo      ',NULL,0),(96,'Haba verde                             ',2.81,4.51,2,50,'Kilogramo      ',NULL,0),(97,'Harina de trigo sin preparar (envasada)',3.84,5.8,2,65,'Kilogramo      ',NULL,0),(98,'Hígado de res                          ',10.51,14.14,2,160,'Kilogramo      ',NULL,0),(99,'Hot dog                                ',14.37,18.96,2,215,'Kilogramo      ',NULL,0),(100,'Huevo a granel                         ',5.33,7.66,2,86,'Kilogramo      ',NULL,0),(101,'Jamonada                               ',24.32,31.4,2,357,'Kilogramo      ',NULL,0),(102,'Jugo de frutas                         ',4.24,6.3,2,71,'Vaso           ',NULL,0),(103,'Jurel                                  ',7.96,10.95,2,124,'Kilogramo      ',NULL,0),(104,'Leche evaporada                        ',2.85,4.56,2,51,'Lata grande    ',NULL,0),(105,'Leche fresca                           ',3.51,5.39,2,60,'Litro          ',NULL,0),(106,'Lenteja                                ',4.67,6.84,2,77,'Kilogramo      ',NULL,0),(107,'Limón                                  ',3.18,4.98,2,55,'Kilogramo      ',NULL,0),(108,'Liza                                   ',9.63,13.04,2,148,'Kilogramo      ',NULL,0),(109,'Maíz blanco corriente                  ',4.72,6.9,2,77,'Kilogramo      ',NULL,0),(110,'Maíz morado                            ',3.31,5.14,2,57,'Kilogramo      ',NULL,0),(111,'Mandarina                              ',2.9,4.63,2,51,'Kilogramo      ',NULL,0),(112,'Mango criollo                          ',4.85,7.06,2,79,'Kilogramo      ',NULL,0),(113,'Aceite vegetal (botella)               ',6.79,10.09,3,112,'Litro          ',NULL,0),(114,'Aceituna de botija                     ',12.76,17.55,3,197,'Kilogramo      ',NULL,0),(115,'Ají molido amarillo                    ',4.9,7.73,3,85,'Kilogramo      ',NULL,0),(116,'Ají verde escabeche                    ',3.74,6.28,3,68,'Kilogramo      ',NULL,0),(117,'Ajo entero                             ',16.38,22.08,3,249,'Kilogramo      ',NULL,0),(118,'Apio                                   ',1.95,4.04,3,43,'Kilogramo      ',NULL,0),(119,'Arroz a granel corriente               ',2.45,4.66,3,50,'Kilogramo      ',NULL,0),(120,'Arroz envasado superior                ',3.36,5.8,3,63,'Kilogramo      ',NULL,0),(121,'Arveja seca partida                    ',4.5,7.23,3,79,'Kilogramo      ',NULL,0),(122,'Arveja verde americana                 ',5.69,8.71,3,96,'Kilogramo      ',NULL,0),(123,'Avena a granel                         ',4.03,6.64,3,73,'Kilogramo      ',NULL,0),(124,'Azúcar blanca                          ',2.48,4.7,3,50,'Kilogramo      ',NULL,0),(125,'Azúcar rubia                           ',2.1,4.23,3,45,'Kilogramo      ',NULL,0),(126,'Bofe de res                            ',9.9,13.98,3,156,'Kilogramo      ',NULL,0),(127,'Bonito                                 ',10.28,14.45,3,162,'Kilogramo      ',NULL,0),(128,'Camote amarillo                        ',1.7,3.73,3,39,'Kilogramo      ',NULL,0),(129,'Canela entera                          ',61.35,78.29,3,891,'Kilogramo      ',NULL,0),(130,'Carne molida                           ',16.94,22.78,3,257,'Kilogramo      ',NULL,0),(131,'Carnero                                ',16.58,22.33,3,252,'Kilogramo      ',NULL,0),(132,'Cebolla cabeza                         ',1.81,3.86,3,41,'Kilogramo      ',NULL,0),(133,'Cebolla china                          ',2.89,5.21,3,56,'Kilogramo      ',NULL,0),(134,'Cerdo chuleta                          ',13.77,18.81,3,212,'Kilogramo      ',NULL,0),(135,'Cerveza blanca  1/                     ',5.59,8.59,3,95,'Litro          ',NULL,0),(136,'Choclo criollo                         ',5.92,9,3,100,'Kilogramo      ',NULL,0),(137,'Choros                                 ',7.17,10.56,3,117,'Kilogramo      ',NULL,0),(138,'Cojinova                               ',24,31.6,3,358,'Kilogramo      ',NULL,0),(139,'Comino molido                          ',33.6,43.6,3,495,'Kilogramo      ',NULL,0),(140,'Espinaca                               ',3.78,6.33,3,69,'Kilogramo      ',NULL,0),(141,'Fideos pasta corta                     ',4.53,7.26,3,80,'Kilogramo      ',NULL,0),(142,'Fideos pasta larga                     ',4.39,7.09,3,78,'Kilogramo      ',NULL,0),(143,'Filete de atún                         ',5.29,8.21,3,91,'Lata           ',NULL,0),(144,'Fréjol canario                         ',9.54,13.53,3,151,'Kilogramo      ',NULL,0),(145,'Fréjol castilla                        ',4.46,7.18,3,79,'Kilogramo      ',NULL,0),(146,'Fréjol panamito                        ',5.17,8.06,3,89,'Kilogramo      ',NULL,0),(147,'Galletas saladas (envasada)            ',14.09,19.21,3,216,'Kilogramo      ',NULL,0),(148,'Galletas dulces (envasada)             ',12.04,16.65,3,187,'Kilogramo      ',NULL,0),(149,'Gallina eviscerada                     ',15.27,20.69,3,233,'Kilogramo      ',NULL,0),(150,'Gaseosa                                ',1.01,2.86,3,29,'Botella mediana',NULL,0),(151,'Granadilla                             ',6.55,9.79,3,109,'Kilogramo      ',NULL,0),(152,'Haba verde                             ',2.81,5.11,3,55,'Kilogramo      ',NULL,0),(153,'Harina de trigo sin preparar (envasada)',3.84,6.4,3,70,'Kilogramo      ',NULL,0),(154,'Hígado de res                          ',10.51,14.74,3,165,'Kilogramo      ',NULL,0),(155,'Hot dog                                ',14.37,19.56,3,220,'Kilogramo      ',NULL,0),(156,'Huevo a granel                         ',5.33,8.26,3,91,'Kilogramo      ',NULL,0),(157,'Jamonada                               ',24.32,32,3,362,'Kilogramo      ',NULL,0),(158,'Jugo de frutas                         ',4.24,6.9,3,76,'Vaso           ',NULL,0),(159,'Jurel                                  ',7.96,11.55,3,129,'Kilogramo      ',NULL,0),(160,'Leche evaporada                        ',2.85,5.16,3,56,'Lata grande    ',NULL,0),(161,'Leche fresca                           ',3.51,5.99,3,65,'Litro          ',NULL,0),(162,'Lenteja                                ',4.67,7.44,3,82,'Kilogramo      ',NULL,0),(163,'Limón                                  ',3.18,5.58,3,60,'Kilogramo      ',NULL,0),(164,'Liza                                   ',9.63,13.64,3,153,'Kilogramo      ',NULL,0),(165,'Maíz blanco corriente                  ',4.72,7.5,3,82,'Kilogramo      ',NULL,0),(166,'Maíz morado                            ',3.31,5.74,3,62,'Kilogramo      ',NULL,0),(167,'Mandarina                              ',2.9,5.23,3,56,'Kilogramo      ',NULL,0),(168,'Mango criollo                          ',4.85,7.66,3,84,'Kilogramo      ',NULL,0),(169,'Aceite vegetal (botella)               ',6.79,10.49,4,127,'Litro          ',NULL,0),(170,'Aceituna de botija                     ',12.76,17.95,4,212,'Kilogramo      ',NULL,0),(171,'Ají molido amarillo                    ',4.9,8.13,4,100,'Kilogramo      ',NULL,0),(172,'Ají verde escabeche                    ',3.74,6.68,4,83,'Kilogramo      ',NULL,0),(173,'Ajo entero                             ',16.38,22.48,4,264,'Kilogramo      ',NULL,0),(174,'Apio                                   ',1.95,4.44,4,58,'Kilogramo      ',NULL,0),(175,'Arroz a granel corriente               ',2.45,5.06,4,65,'Kilogramo      ',NULL,0),(176,'Arroz envasado superior                ',3.36,6.2,4,78,'Kilogramo      ',NULL,0),(177,'Arveja seca partida                    ',4.5,7.63,4,94,'Kilogramo      ',NULL,0),(178,'Arveja verde americana                 ',5.69,9.11,4,111,'Kilogramo      ',NULL,0),(179,'Avena a granel                         ',4.03,7.04,4,88,'Kilogramo      ',NULL,0),(180,'Azúcar blanca                          ',2.48,5.1,4,65,'Kilogramo      ',NULL,0),(181,'Azúcar rubia                           ',2.1,4.63,4,60,'Kilogramo      ',NULL,0),(182,'Bofe de res                            ',9.9,14.38,4,171,'Kilogramo      ',NULL,0),(183,'Bonito                                 ',10.28,14.85,4,177,'Kilogramo      ',NULL,0),(184,'Camote amarillo                        ',1.7,4.13,4,54,'Kilogramo      ',NULL,0),(185,'Canela entera                          ',61.35,78.69,4,906,'Kilogramo      ',NULL,0),(186,'Carne molida                           ',16.94,23.18,4,272,'Kilogramo      ',NULL,0),(187,'Carnero                                ',16.58,22.73,4,267,'Kilogramo      ',NULL,0),(188,'Cebolla cabeza                         ',1.81,4.26,4,56,'Kilogramo      ',NULL,0),(189,'Cebolla china                          ',2.89,5.61,4,71,'Kilogramo      ',NULL,0),(190,'Cerdo chuleta                          ',13.77,19.21,4,227,'Kilogramo      ',NULL,0),(191,'Cerveza blanca  1/                     ',5.59,8.99,4,110,'Litro          ',NULL,0),(192,'Choclo criollo                         ',5.92,9.4,4,115,'Kilogramo      ',NULL,0),(193,'Choros                                 ',7.17,10.96,4,132,'Kilogramo      ',NULL,0),(194,'Cojinova                               ',24,32,4,373,'Kilogramo      ',NULL,0),(195,'Comino molido                          ',33.6,44,4,510,'Kilogramo      ',NULL,0),(196,'Espinaca                               ',3.78,6.73,4,84,'Kilogramo      ',NULL,0),(197,'Fideos pasta corta                     ',4.53,7.66,4,95,'Kilogramo      ',NULL,0),(198,'Fideos pasta larga                     ',4.39,7.49,4,93,'Kilogramo      ',NULL,0),(199,'Filete de atún                         ',5.29,8.61,4,106,'Lata           ',NULL,0),(200,'Fréjol canario                         ',9.54,13.93,4,166,'Kilogramo      ',NULL,0),(201,'Fréjol castilla                        ',4.46,7.58,4,94,'Kilogramo      ',NULL,0),(202,'Fréjol panamito                        ',5.17,8.46,4,104,'Kilogramo      ',NULL,0),(203,'Galletas saladas (envasada)            ',14.09,19.61,4,231,'Kilogramo      ',NULL,0),(204,'Galletas dulces (envasada)             ',12.04,17.05,4,202,'Kilogramo      ',NULL,0),(205,'Gallina eviscerada                     ',15.27,21.09,4,248,'Kilogramo      ',NULL,0),(206,'Gaseosa                                ',1.01,3.26,4,44,'Botella mediana',NULL,0),(207,'Granadilla                             ',6.55,10.19,4,124,'Kilogramo      ',NULL,0),(208,'Haba verde                             ',2.81,5.51,4,70,'Kilogramo      ',NULL,0),(209,'Harina de trigo sin preparar (envasada)',3.84,6.8,4,85,'Kilogramo      ',NULL,0),(210,'Hígado de res                          ',10.51,15.14,4,180,'Kilogramo      ',NULL,0),(211,'Hot dog                                ',14.37,19.96,4,235,'Kilogramo      ',NULL,0),(212,'Huevo a granel                         ',5.33,8.66,4,106,'Kilogramo      ',NULL,0),(213,'Jamonada                               ',24.32,32.4,4,377,'Kilogramo      ',NULL,0),(214,'Jugo de frutas                         ',4.24,7.3,4,91,'Vaso           ',NULL,0),(215,'Jurel                                  ',7.96,11.95,4,144,'Kilogramo      ',NULL,0),(216,'Leche evaporada                        ',2.85,5.56,4,71,'Lata grande    ',NULL,0),(217,'Leche fresca                           ',3.51,6.39,4,80,'Litro          ',NULL,0),(218,'Lenteja                                ',4.67,7.84,4,97,'Kilogramo      ',NULL,0),(219,'Limón                                  ',3.18,5.98,4,75,'Kilogramo      ',NULL,0),(220,'Liza                                   ',9.63,14.04,4,168,'Kilogramo      ',NULL,0),(221,'Maíz blanco corriente                  ',4.72,7.9,4,97,'Kilogramo      ',NULL,0),(222,'Maíz morado                            ',3.31,6.14,4,77,'Kilogramo      ',NULL,0),(223,'Mandarina                              ',2.9,5.63,4,71,'Kilogramo      ',NULL,0),(224,'Mango criollo                          ',4.85,8.06,4,99,'Kilogramo      ',NULL,0),(225,'Alcachofa',90.53,104.11,9,208,'Kilogramo',NULL,0),(226,'Ajo',61.52,70.75,9,441,'Kilogramo',NULL,0),(227,'Champiñón',51.48,59.2,9,418,'Kilogramo',NULL,0),(228,'Pimiento Morrón Verde',48.89,56.22,9,412,'Kilogramo',NULL,0),(229,'Aguacate Hass',34.39,39.55,9,379,'Kilogramo',NULL,0),(230,'Chícharo en vaina',32.52,37.4,9,375,'Kilogramo',NULL,0),(231,'Ejote Verde',27.52,31.65,9,363,'Kilogramo',NULL,0),(232,'Verdolaga',23.45,26.97,9,354,'Kilogramo',NULL,0),(233,'Chile Serrano',22.88,26.31,9,353,'Kilogramo',NULL,0),(234,'Tomate',22.06,25.37,9,351,'Kilogramo',NULL,0),(235,'Jitomate Bola / Sinaloa',21.56,24.79,9,350,'Kilogramo',NULL,0),(236,'Coliflor (Pza.)',20.72,23.83,9,348,'Kilogramo',NULL,0),(237,'Romeritos',20.57,23.66,9,347,'Kilogramo',NULL,0),(238,'Jitomate Saladette',18.55,21.33,9,343,'Kilogramo',NULL,0),(239,'Brócoli',18.46,21.23,9,342,'Kilogramo',NULL,0),(240,'Cebolla Blanca (sin rabo)',17.85,20.53,9,341,'Kilogramo',NULL,0),(241,'Papa Alfa / Blanca',16.54,19.02,9,338,'Kilogramo',NULL,0),(242,'Pepino',15.72,18.08,9,336,'Kilogramo',NULL,0),(243,'Calabaza Italiana / Japonesa',15.62,17.96,9,336,'Kilogramo',NULL,0),(244,'Col Morada',14.9,17.14,9,334,'Kilogramo',NULL,0),(245,'Nopal (Sin espinas)',14.16,16.28,9,333,'Kilogramo',NULL,0),(246,'Apio',12.18,14.01,9,328,'Kilogramo',NULL,0),(247,'Betabel',11.47,13.19,9,326,'Kilogramo',NULL,0),(248,'Rábano (Manojo)',10.01,11.51,9,323,'Kilogramo',NULL,0),(249,'Zanahoria (Grande)',9.96,11.45,9,323,'Kilogramo',NULL,0),(250,'Zanahoria (Mediana)',9.81,11.28,9,323,'Kilogramo',NULL,0),(251,'Chayote (sin espinas)',8.84,10.17,9,320,'Kilogramo',NULL,0),(252,'Lechuga Orejona',8.01,9.21,9,318,'Kilogramo',NULL,0),(253,'Espinacas (Manojo)',5.76,6.62,9,313,'Kilogramo',NULL,0),(254,'Acelga (Manojo)',5.24,6.03,9,312,'Kilogramo',NULL,0),(255,'Elote (Pza.)',4.75,5.46,9,311,'pza',NULL,0),(256,'Durazno Amarillo',43.78,50.35,9,401,'Kilogramo',NULL,0),(257,'Granada Roja',40.17,46.2,9,392,'Kilogramo',NULL,0),(258,'Durazno Melocotón',35.79,41.16,9,382,'Kilogramo',NULL,0),(259,'Manzana Rome Beauty',35.6,40.94,9,382,'Kilogramo',NULL,0),(260,'Uva Thompson (Sin semilla)',34.8,40.02,9,380,'Kilogramo',NULL,0),(261,'Kiwi',34.48,39.65,9,379,'Kilogramo',NULL,0),(262,'Pera D Anjou',34.32,39.47,9,379,'Kilogramo',NULL,0),(263,'Ciruela Roja / Moscatel',31.9,36.69,9,373,'Kilogramo',NULL,0),(264,'Uva Globo',30.33,34.88,9,370,'Kilogramo',NULL,0),(265,'Manzana Golden',26.76,30.77,9,362,'Kilogramo',NULL,0),(266,'Pera Bartlett',26.69,30.69,9,361,'Kilogramo',NULL,0),(267,'Manzana Starking Americana',26.19,30.12,9,360,'Kilogramo',NULL,0),(268,'Mango Ataulfo',24.28,27.92,9,356,'Kilogramo',NULL,0),(269,'Mango Manila',23.2,26.68,9,353,'Kilogramo',NULL,0),(270,'Melón Valenciano',22.65,26.05,9,352,'Kilogramo',NULL,0),(271,'Mamey',22.49,25.86,9,352,'Kilogramo',NULL,0),(272,'Papaya Maradol',19.34,22.24,9,344,'Kilogramo',NULL,0),(273,'Melón Chino',17.62,20.26,9,341,'Kilogramo',NULL,0),(274,'Lima',17.52,20.15,9,340,'Kilogramo',NULL,0),(275,'Jícama',16.82,19.34,9,339,'Kilogramo',NULL,0),(276,'Guayaba',16.38,18.84,9,338,'Kilogramo',NULL,0),(277,'Piña',16.09,18.5,9,337,'Kilogramo',NULL,0),(278,'Mandarina',15.26,17.55,9,335,'Kilogramo',NULL,0),(279,'Plátano Macho',13.81,15.88,9,332,'Kilogramo',NULL,0),(280,'Mango Paraíso (Petacón)',13.59,15.63,9,331,'Kilogramo',NULL,0),(281,'Limón agrio con semilla',12.35,14.2,9,328,'Kilogramo',NULL,0),(282,'Naranja Valencia',12.26,14.1,9,328,'Kilogramo',NULL,0),(283,'Naranja Veracruz',11.72,13.48,9,327,'Kilogramo',NULL,0),(284,'Tuna',10.47,12.04,9,324,'Kilogramo',NULL,0),(285,'Plátano Tabasco/Chiapas',10.08,11.59,9,323,'Kilogramo',NULL,0),(286,'Caña',9.6,11.04,9,322,'Kilogramo',NULL,0),(287,'Limón agrio sin semilla',9.23,10.61,9,321,'Kilogramo',NULL,0),(288,'Toronja',7.69,8.84,9,318,'Kilogramo',NULL,0),(289,'Sandía Charleston (Rayada)',6,6.9,9,314,'Kilogramo',NULL,0),(290,'Alcachofa',90.53,105.92,10,462,'Kilogramo',NULL,0),(291,'Ajo',61.52,71.98,10,394,'Kilogramo',NULL,0),(292,'Champiñón',51.48,60.23,10,370,'Kilogramo',NULL,0),(293,'Pimiento Morrón Verde',48.89,57.2,10,364,'Kilogramo',NULL,0),(294,'Aguacate Hass',34.39,40.24,10,330,'Kilogramo',NULL,0),(295,'Chícharo en vaina',32.52,38.05,10,326,'Kilogramo',NULL,0),(296,'Ejote Verde',27.52,32.2,10,314,'Kilogramo',NULL,0),(297,'Verdolaga',23.45,27.44,10,305,'Kilogramo',NULL,0),(298,'Chile Serrano',22.88,26.77,10,304,'Kilogramo',NULL,0),(299,'Tomate',22.06,25.81,10,302,'Kilogramo',NULL,0),(300,'Jitomate Bola / Sinaloa',21.56,25.23,10,300,'Kilogramo',NULL,0),(301,'Coliflor (Pza.)',20.72,24.24,10,298,'Kilogramo',NULL,0),(302,'Romeritos',20.57,24.07,10,298,'Kilogramo',NULL,0),(303,'Jitomate Saladette',18.55,21.7,10,293,'Kilogramo',NULL,0),(304,'Brócoli',18.46,21.6,10,293,'Kilogramo',NULL,0),(305,'Cebolla Blanca (sin rabo)',17.85,20.88,10,292,'Kilogramo',NULL,0),(306,'Papa Alfa / Blanca',16.54,19.35,10,289,'Kilogramo',NULL,0),(307,'Pepino',15.72,18.39,10,287,'Kilogramo',NULL,0),(308,'Calabaza Italiana / Japonesa',15.62,18.28,10,287,'Kilogramo',NULL,0),(309,'Col Morada',14.9,17.43,10,285,'Kilogramo',NULL,0),(310,'Nopal (Sin espinas)',14.16,16.57,10,283,'Kilogramo',NULL,0),(311,'Apio',12.18,14.25,10,279,'Kilogramo',NULL,0),(312,'Betabel',11.47,13.42,10,277,'Kilogramo',NULL,0),(313,'Rábano (Manojo)',10.01,11.71,10,273,'Kilogramo',NULL,0),(314,'Zanahoria (Grande)',9.96,11.65,10,273,'Kilogramo',NULL,0),(315,'Zanahoria (Mediana)',9.81,11.48,10,273,'Kilogramo',NULL,0),(316,'Chayote (sin espinas)',8.84,10.34,10,271,'Kilogramo',NULL,0),(317,'Lechuga Orejona',8.01,9.37,10,269,'Kilogramo',NULL,0),(318,'Espinacas (Manojo)',5.76,6.74,10,263,'Kilogramo',NULL,0),(319,'Acelga (Manojo)',5.24,6.13,10,262,'Kilogramo',NULL,0),(320,'Elote (Pza.)',4.75,5.56,10,261,'pza',NULL,0),(321,'Durazno Amarillo',43.78,51.22,10,352,'Kilogramo',NULL,0),(322,'Granada Roja',40.17,47,10,344,'Kilogramo',NULL,0),(323,'Durazno Melocotón',35.79,41.87,10,334,'Kilogramo',NULL,0),(324,'Manzana Rome Beauty',35.6,41.65,10,333,'Kilogramo',NULL,0),(325,'Uva Thompson (Sin semilla)',34.8,40.72,10,331,'Kilogramo',NULL,0),(326,'Kiwi',34.48,40.34,10,331,'Kilogramo',NULL,0),(327,'Pera D Anjou',34.32,40.15,10,330,'Kilogramo',NULL,0),(328,'Ciruela Roja / Moscatel',31.9,37.32,10,325,'Kilogramo',NULL,0),(329,'Uva Globo',30.33,35.49,10,321,'Kilogramo',NULL,0),(330,'Manzana Golden',26.76,31.31,10,313,'Kilogramo',NULL,0),(331,'Pera Bartlett',26.69,31.23,10,312,'Kilogramo',NULL,0),(332,'Manzana Starking Americana',26.19,30.64,10,311,'Kilogramo',NULL,0),(333,'Mango Ataulfo',24.28,28.41,10,307,'Kilogramo',NULL,0),(334,'Mango Manila',23.2,27.14,10,304,'Kilogramo',NULL,0),(335,'Melón Valenciano',22.65,26.5,10,303,'Kilogramo',NULL,0),(336,'Mamey',22.49,26.31,10,303,'Kilogramo',NULL,0),(337,'Papaya Maradol',19.34,22.63,10,295,'Kilogramo',NULL,0),(338,'Melón Chino',17.62,20.62,10,291,'Kilogramo',NULL,0),(339,'Lima',17.52,20.5,10,291,'Kilogramo',NULL,0),(340,'Jícama',16.82,19.68,10,289,'Kilogramo',NULL,0),(341,'Guayaba',16.38,19.16,10,288,'Kilogramo',NULL,0),(342,'Piña',16.09,18.83,10,288,'Kilogramo',NULL,0),(343,'Mandarina',15.26,17.85,10,286,'Kilogramo',NULL,0),(344,'Plátano Macho',13.81,16.16,10,282,'Kilogramo',NULL,0),(345,'Mango Paraíso (Petacón)',13.59,15.9,10,282,'Kilogramo',NULL,0),(346,'Limón agrio con semilla',12.35,14.45,10,279,'Kilogramo',NULL,0),(347,'Naranja Valencia',12.26,14.34,10,279,'Kilogramo',NULL,0),(348,'Naranja Veracruz',11.72,13.71,10,277,'Kilogramo',NULL,0),(349,'Tuna',10.47,12.25,10,274,'Kilogramo',NULL,0),(350,'Plátano Tabasco/Chiapas',10.08,11.79,10,274,'Kilogramo',NULL,0),(351,'Caña',9.6,11.23,10,272,'Kilogramo',NULL,0),(352,'Limón agrio sin semilla',9.23,10.8,10,272,'Kilogramo',NULL,0),(353,'Toronja',7.69,9,10,268,'Kilogramo',NULL,0),(354,'Sandía Charleston (Rayada)',6,7.02,10,264,'Kilogramo',NULL,0),(355,'Alcachofa',90.53,107.73,11,415,'Kilogramo',NULL,0),(356,'Ajo',61.52,73.21,11,346,'Kilogramo',NULL,0),(357,'Champiñón',51.48,61.26,11,323,'Kilogramo',NULL,0),(358,'Pimiento Morrón Verde',48.89,58.18,11,316,'Kilogramo',NULL,0),(359,'Aguacate Hass',34.39,40.92,11,282,'Kilogramo',NULL,0),(360,'Chícharo en vaina',32.52,38.7,11,277,'Kilogramo',NULL,0),(361,'Ejote Verde',27.52,32.75,11,265,'Kilogramo',NULL,0),(362,'Verdolaga',23.45,27.91,11,256,'Kilogramo',NULL,0),(363,'Chile Serrano',22.88,27.23,11,254,'Kilogramo',NULL,0),(364,'Tomate',22.06,26.25,11,253,'Kilogramo',NULL,0),(365,'Jitomate Bola / Sinaloa',21.56,25.66,11,251,'Kilogramo',NULL,0),(366,'Coliflor (Pza.)',20.72,24.66,11,249,'Kilogramo',NULL,0),(367,'Romeritos',20.57,24.48,11,249,'Kilogramo',NULL,0),(368,'Jitomate Saladette',18.55,22.07,11,244,'Kilogramo',NULL,0),(369,'Brócoli',18.46,21.97,11,244,'Kilogramo',NULL,0),(370,'Cebolla Blanca (sin rabo)',17.85,21.24,11,242,'Kilogramo',NULL,0),(371,'Papa Alfa / Blanca',16.54,19.68,11,239,'Kilogramo',NULL,0),(372,'Pepino',15.72,18.71,11,237,'Kilogramo',NULL,0),(373,'Calabaza Italiana / Japonesa',15.62,18.59,11,237,'Kilogramo',NULL,0),(374,'Col Morada',14.9,17.73,11,235,'Kilogramo',NULL,0),(375,'Nopal (Sin espinas)',14.16,16.85,11,234,'Kilogramo',NULL,0),(376,'Apio',12.18,14.49,11,229,'Kilogramo',NULL,0),(377,'Betabel',11.47,13.65,11,227,'Kilogramo',NULL,0),(378,'Rábano (Manojo)',10.01,11.91,11,224,'Kilogramo',NULL,0),(379,'Zanahoria (Grande)',9.96,11.85,11,224,'Kilogramo',NULL,0),(380,'Zanahoria (Mediana)',9.81,11.67,11,223,'Kilogramo',NULL,0),(381,'Chayote (sin espinas)',8.84,10.52,11,221,'Kilogramo',NULL,0),(382,'Lechuga Orejona',8.01,9.53,11,219,'Kilogramo',NULL,0),(383,'Espinacas (Manojo)',5.76,6.85,11,214,'Kilogramo',NULL,0),(384,'Acelga (Manojo)',5.24,6.24,11,212,'Kilogramo',NULL,0),(385,'Elote (Pza.)',4.75,5.65,11,211,'pza',NULL,0),(386,'Durazno Amarillo',43.78,52.1,11,304,'Kilogramo',NULL,0),(387,'Granada Roja',40.17,47.8,11,296,'Kilogramo',NULL,0),(388,'Durazno Melocotón',35.79,42.59,11,285,'Kilogramo',NULL,0),(389,'Manzana Rome Beauty',35.6,42.36,11,285,'Kilogramo',NULL,0),(390,'Uva Thompson (Sin semilla)',34.8,41.41,11,283,'Kilogramo',NULL,0),(391,'Kiwi',34.48,41.03,11,282,'Kilogramo',NULL,0),(392,'Pera D Anjou',34.32,40.84,11,282,'Kilogramo',NULL,0),(393,'Ciruela Roja / Moscatel',31.9,37.96,11,276,'Kilogramo',NULL,0),(394,'Uva Globo',30.33,36.09,11,272,'Kilogramo',NULL,0),(395,'Manzana Golden',26.76,31.84,11,264,'Kilogramo',NULL,0),(396,'Pera Bartlett',26.69,31.76,11,264,'Kilogramo',NULL,0),(397,'Manzana Starking Americana',26.19,31.17,11,262,'Kilogramo',NULL,0),(398,'Mango Ataulfo',24.28,28.89,11,258,'Kilogramo',NULL,0),(399,'Mango Manila',23.2,27.61,11,255,'Kilogramo',NULL,0),(400,'Melón Valenciano',22.65,26.95,11,254,'Kilogramo',NULL,0),(401,'Mamey',22.49,26.76,11,254,'Kilogramo',NULL,0),(402,'Papaya Maradol',19.34,23.01,11,246,'Kilogramo',NULL,0),(403,'Melón Chino',17.62,20.97,11,242,'Kilogramo',NULL,0),(404,'Lima',17.52,20.85,11,242,'Kilogramo',NULL,0),(405,'Jícama',16.82,20.02,11,240,'Kilogramo',NULL,0),(406,'Guayaba',16.38,19.49,11,239,'Kilogramo',NULL,0),(407,'Piña',16.09,19.15,11,238,'Kilogramo',NULL,0),(408,'Mandarina',15.26,18.16,11,236,'Kilogramo',NULL,0),(409,'Plátano Macho',13.81,16.43,11,233,'Kilogramo',NULL,0),(410,'Mango Paraíso (Petacón)',13.59,16.17,11,232,'Kilogramo',NULL,0),(411,'Limón agrio con semilla',12.35,14.7,11,229,'Kilogramo',NULL,0),(412,'Naranja Valencia',12.26,14.59,11,229,'Kilogramo',NULL,0),(413,'Naranja Veracruz',11.72,13.95,11,228,'Kilogramo',NULL,0),(414,'Tuna',10.47,12.46,11,225,'Kilogramo',NULL,0),(415,'Plátano Tabasco/Chiapas',10.08,12,11,224,'Kilogramo',NULL,0),(416,'Caña',9.6,11.42,11,223,'Kilogramo',NULL,0),(417,'Limón agrio sin semilla',9.23,10.98,11,222,'Kilogramo',NULL,0),(418,'Toronja',7.69,9.15,11,218,'Kilogramo',NULL,0),(419,'Sandía Charleston (Rayada)',6,7.14,11,214,'Kilogramo',NULL,0),(420,'Alcachofa',90.53,109.54,12,344,'Kilogramo',NULL,0),(421,'Ajo',61.52,74.44,12,274,'Kilogramo',NULL,0),(422,'Champiñón',51.48,62.29,12,250,'Kilogramo',NULL,0),(423,'Pimiento Morrón Verde',48.89,59.16,12,243,'Kilogramo',NULL,0),(424,'Aguacate Hass',34.39,41.61,12,208,'Kilogramo',NULL,0),(425,'Chícharo en vaina',32.52,39.35,12,204,'Kilogramo',NULL,0),(426,'Ejote Verde',27.52,33.3,12,192,'Kilogramo',NULL,0),(427,'Verdolaga',23.45,28.37,12,182,'Kilogramo',NULL,0),(428,'Chile Serrano',22.88,27.68,12,180,'Kilogramo',NULL,0),(429,'Tomate',22.06,26.69,12,178,'Kilogramo',NULL,0),(430,'Jitomate Bola / Sinaloa',21.56,26.09,12,177,'Kilogramo',NULL,0),(431,'Coliflor (Pza.)',20.72,25.07,12,175,'Kilogramo',NULL,0),(432,'Romeritos',20.57,24.89,12,175,'Kilogramo',NULL,0),(433,'Jitomate Saladette',18.55,22.45,12,170,'Kilogramo',NULL,0),(434,'Brócoli',18.46,22.34,12,170,'Kilogramo',NULL,0),(435,'Cebolla Blanca (sin rabo)',17.85,21.6,12,168,'Kilogramo',NULL,0),(436,'Papa Alfa / Blanca',16.54,20.01,12,165,'Kilogramo',NULL,0),(437,'Pepino',15.72,19.02,12,163,'Kilogramo',NULL,0),(438,'Calabaza Italiana / Japonesa',15.62,18.9,12,163,'Kilogramo',NULL,0),(439,'Col Morada',14.9,18.03,12,161,'Kilogramo',NULL,0),(440,'Nopal (Sin espinas)',14.16,17.13,12,159,'Kilogramo',NULL,0),(441,'Apio',12.18,14.74,12,154,'Kilogramo',NULL,0),(442,'Betabel',11.47,13.88,12,153,'Kilogramo',NULL,0),(443,'Rábano (Manojo)',10.01,12.11,12,149,'Kilogramo',NULL,0),(444,'Zanahoria (Grande)',9.96,12.05,12,149,'Kilogramo',NULL,0),(445,'Zanahoria (Mediana)',9.81,11.87,12,149,'Kilogramo',NULL,0),(446,'Chayote (sin espinas)',8.84,10.7,12,146,'Kilogramo',NULL,0),(447,'Lechuga Orejona',8.01,9.69,12,144,'Kilogramo',NULL,0),(448,'Espinacas (Manojo)',5.76,6.97,12,139,'Kilogramo',NULL,0),(449,'Acelga (Manojo)',5.24,6.34,12,138,'Kilogramo',NULL,0),(450,'Elote (Pza.)',4.75,5.75,12,136,'pza',NULL,0),(451,'Durazno Amarillo',43.78,52.97,12,231,'Kilogramo',NULL,0),(452,'Granada Roja',40.17,48.61,12,222,'Kilogramo',NULL,0),(453,'Durazno Melocotón',35.79,43.31,12,212,'Kilogramo',NULL,0),(454,'Manzana Rome Beauty',35.6,43.08,12,211,'Kilogramo',NULL,0),(455,'Uva Thompson (Sin semilla)',34.8,42.11,12,209,'Kilogramo',NULL,0),(456,'Kiwi',34.48,41.72,12,208,'Kilogramo',NULL,0),(457,'Pera D Anjou',34.32,41.53,12,208,'Kilogramo',NULL,0),(458,'Ciruela Roja / Moscatel',31.9,38.6,12,202,'Kilogramo',NULL,0),(459,'Uva Globo',30.33,36.7,12,198,'Kilogramo',NULL,0),(460,'Manzana Golden',26.76,32.38,12,190,'Kilogramo',NULL,0),(461,'Pera Bartlett',26.69,32.29,12,190,'Kilogramo',NULL,0),(462,'Manzana Starking Americana',26.19,31.69,12,188,'Kilogramo',NULL,0),(463,'Mango Ataulfo',24.28,29.38,12,184,'Kilogramo',NULL,0),(464,'Mango Manila',23.2,28.07,12,181,'Kilogramo',NULL,0),(465,'Melón Valenciano',22.65,27.41,12,180,'Kilogramo',NULL,0),(466,'Mamey',22.49,27.21,12,179,'Kilogramo',NULL,0),(467,'Papaya Maradol',19.34,23.4,12,172,'Kilogramo',NULL,0),(468,'Melón Chino',17.62,21.32,12,168,'Kilogramo',NULL,0),(469,'Lima',17.52,21.2,12,167,'Kilogramo',NULL,0),(470,'Jícama',16.82,20.35,12,166,'Kilogramo',NULL,0),(471,'Guayaba',16.38,19.82,12,165,'Kilogramo',NULL,0),(472,'Piña',16.09,19.47,12,164,'Kilogramo',NULL,0),(473,'Mandarina',15.26,18.46,12,162,'Kilogramo',NULL,0),(474,'Plátano Macho',13.81,16.71,12,158,'Kilogramo',NULL,0),(475,'Mango Paraíso (Petacón)',13.59,16.44,12,158,'Kilogramo',NULL,0),(476,'Limón agrio con semilla',12.35,14.94,12,155,'Kilogramo',NULL,0),(477,'Naranja Valencia',12.26,14.83,12,155,'Kilogramo',NULL,0),(478,'Naranja Veracruz',11.72,14.18,12,153,'Kilogramo',NULL,0),(479,'Tuna',10.47,12.67,12,150,'Kilogramo',NULL,0),(480,'Plátano Tabasco/Chiapas',10.08,12.2,12,149,'Kilogramo',NULL,0),(481,'Caña',9.6,11.62,12,148,'Kilogramo',NULL,0),(482,'Limón agrio sin semilla',9.23,11.17,12,147,'Kilogramo',NULL,0),(483,'Toronja',7.69,9.3,12,144,'Kilogramo',NULL,0),(484,'Sandía Charleston (Rayada)',6,7.26,12,140,'Kilogramo',NULL,0),(485,'QUESO MANCHEGO ESPAÑOL',95.06,109.31,5,146,'Kilogramo',NULL,0),(486,'QUESO MANCHEGO ESPAÑOL 3 LECHES',64.6,74.29,5,108,'Kilogramo',NULL,0),(487,'QUESO MANCHEGO ABEJA',54.05,62.16,5,94,'Kilogramo',NULL,0),(488,'QUESO MANCHEGO CAPERUCITA',51.33,59.03,5,91,'Kilogramo',NULL,0),(489,'QUESO MANCHEGO NOCHE BUENA',36.11,41.53,5,71,'Kilogramo',NULL,0),(490,'QUESO MANCHEGO HOLANDÉS',34.15,39.27,5,69,'Kilogramo',NULL,0),(491,'QUESO MOZARELLA C/SUERO',28.9,33.23,5,62,'Kilogramo',NULL,0),(492,'QUESO MOZARELLA EN BARRA',24.62,28.32,5,56,'Kilogramo',NULL,0),(493,'QUESO PROVOLONE T/ITALIANO',24.02,27.63,5,56,'Kilogramo',NULL,0),(494,'QUESO PROVOLETA T/ARGENTINO',23.16,26.64,5,55,'Kilogramo',NULL,0),(495,'QUESO PARMESANO URUGUAYO',22.64,26.03,5,54,'Kilogramo',NULL,0),(496,'QUESO PARMESANO ITALIANO',21.76,25.02,5,53,'Kilogramo',NULL,0),(497,'QUESO PARMESANO GRANAPADANO',21.6,24.84,5,53,'Kilogramo',NULL,0),(498,'QUESO GORGONZOLA IMP.',19.48,22.4,5,50,'Kilogramo',NULL,0),(499,'QUESO HOLANDÉS BOLA ROJA',19.38,22.29,5,50,'Kilogramo',NULL,0),(500,'QUESO DE CABRA NATURAL',18.74,21.55,5,49,'Kilogramo',NULL,0),(501,'QUESO BRYE DE NORMANDY',17.37,19.97,5,47,'Kilogramo',NULL,0),(502,'QUESO CAMEMBER DE NORMANDY',16.51,18.98,5,46,'Kilogramo',NULL,0),(503,'QUESO ROQUEFURT AZUL',16.4,18.86,5,46,'Kilogramo',NULL,0),(504,'QUESO PHILADELPHIA',15.65,17.99,5,45,'Kilogramo',NULL,0),(505,'QUESO CREMA PHILADELPHIA',14.87,17.1,5,44,'Kilogramo',NULL,0),(506,'QUESO AMARILLO KRAFT',12.79,14.71,5,41,'Kilogramo',NULL,0),(507,'QUESO GRUYERE',12.04,13.85,5,40,'Kilogramo',NULL,0),(508,'QUESO PANELA COVADONGA',10.51,12.09,5,38,'Kilogramo',NULL,0),(509,'QUESO PANELA ECONÓMICO',10.46,12.03,5,38,'Kilogramo',NULL,0),(510,'QUESO RICOTA T/ITALIANO',10.3,11.85,5,38,'Kilogramo',NULL,0),(511,'QUESO DE CABRA DE SABORES',9.28,10.67,5,37,'Kilogramo',NULL,0),(512,'QUESO PORTZALUD FRANCÉS',8.41,9.67,5,36,'Kilogramo',NULL,0),(513,'QUESO PORZALUD NAL.',6.05,6.96,5,33,'Kilogramo',NULL,0),(514,'QUESO MASCARPONE IMP.',5.5,6.33,5,32,'Kilogramo',NULL,0),(515,'QUESO COTAGE T/AMERICANO',4.99,5.74,5,31,'Kilogramo',NULL,0),(516,'QUESO CABRALES',45.97,52.86,5,84,'Kilogramo',NULL,0),(517,'QUESO CHEDAR',42.18,48.51,5,79,'Kilogramo',NULL,0),(518,'QUESO AZADERO',37.58,43.22,5,73,'Kilogramo',NULL,0),(519,'QUESO BRYE Y CAMEMBERT DANÉS',37.38,42.99,5,73,'Kilogramo',NULL,0),(520,'JAMÓN SERRANO ESPAÑOL.',36.54,42.02,5,72,'Kilogramo',NULL,0),(521,'JAMÓN SERRANO ESPAÑOL NAVIDUL',36.2,41.63,5,71,'Kilogramo',NULL,0),(522,'JAMÓN SERRANO CYTERYO',36.04,41.44,5,71,'Kilogramo',NULL,0),(523,'JAMÓN SERRANO NACIONAL',33.5,38.52,5,68,'Kilogramo',NULL,0),(524,'JAMÓN DE PIERNA',31.85,36.62,5,66,'Kilogramo',NULL,0),(525,'JAMÓN COCIDO DE 1ra',28.1,32.31,5,61,'Kilogramo',NULL,0),(526,'JAMÓN DE PAVO',28.02,32.23,5,61,'Kilogramo',NULL,0),(527,'JAMÓN DE PAVO AHUMADO',27.5,31.62,5,60,'Kilogramo',NULL,0),(528,'SALAMI T/GENOVA',25.49,29.32,5,58,'Kilogramo',NULL,0),(529,'SALAMI COCIDO FUD',24.36,28.01,5,56,'Kilogramo',NULL,0),(530,'SALCHICH T ALEMANA',23.78,27.35,5,55,'Kilogramo',NULL,0),(531,'SALCHICHA COKTAIL',23.61,27.16,5,55,'Kilogramo',NULL,0),(532,'SALCHICHA DESAYUNO',20.31,23.35,5,51,'Kilogramo',NULL,0),(533,'SALCHICH T/CATALANA',18.5,21.28,5,49,'Kilogramo',NULL,0),(534,'SALCHICHA DE PAVO',18.4,21.16,5,49,'Kilogramo',NULL,0),(535,'TOCINO AHUMADO',17.66,20.31,5,48,'Kilogramo',NULL,0),(536,'TOCINO DE PAVO',17.2,19.78,5,47,'Kilogramo',NULL,0),(537,'TOCINO BLANCO',16.89,19.43,5,47,'Kilogramo',NULL,0),(538,'CHORIZO T/ESPAÑOL',16.02,18.43,5,45,'Kilogramo',NULL,0),(539,'CHORIZO PAMPLONA',14.5,16.68,5,44,'Kilogramo',NULL,0),(540,'CHORIZO ARGENTINO',14.27,16.41,5,43,'Kilogramo',NULL,0),(541,'ROSBIFE',12.97,14.91,5,42,'Kilogramo',NULL,0),(542,'PASTRAMI',12.87,14.8,5,41,'Kilogramo',NULL,0),(543,'PECHUGA DE PAVO OBERTAL',12.31,14.15,5,41,'Kilogramo',NULL,0),(544,'LOMO CANADIENCE',10.99,12.64,5,39,'Kilogramo',NULL,0),(545,'LOMO EMBUCHADO',10.58,12.17,5,39,'Kilogramo',NULL,0),(546,'CHISTORRA T/ESPAÑOL',10.08,11.59,5,38,'Kilogramo',NULL,0),(547,'ACEITE DE OLIVO ESPAÑOL',9.69,11.15,5,37,'Kilogramo',NULL,0),(548,'ALCAPARRAS',8.07,9.29,5,35,'Kilogramo',NULL,0),(549,'ARROZ CRISTAL',6.3,7.25,5,33,'Kilogramo',NULL,0),(550,'ALCACHOFAS (CORASONES)',95.06,109.31,5,146,'Kilogramo',NULL,0),(551,'ACEITUNAS S/HUESO',64.6,74.29,5,108,'Kilogramo',NULL,0),(552,'ACEITUNAS NEGRAS S/HUESO',54.05,62.16,5,109,'Kilogramo',NULL,0),(553,'QUESO MANCHEGO ESPAÑOL',51.33,60.06,6,107,'Kilogramo',NULL,0),(554,'QUESO MANCHEGO ESPAÑOL 3 LECHES',36.11,42.25,6,87,'Kilogramo',NULL,0),(555,'QUESO MANCHEGO ABEJA',34.15,39.95,6,84,'Kilogramo',NULL,0),(556,'QUESO MANCHEGO CAPERUCITA',28.9,33.81,6,78,'Kilogramo',NULL,0),(557,'QUESO MANCHEGO NOCHE BUENA',24.62,28.81,6,72,'Kilogramo',NULL,0),(558,'QUESO MANCHEGO HOLANDÉS',24.02,28.11,6,71,'Kilogramo',NULL,0),(559,'QUESO MOZARELLA C/SUERO',23.16,27.1,6,70,'Kilogramo',NULL,0),(560,'QUESO MOZARELLA EN BARRA',22.64,26.49,6,69,'Kilogramo',NULL,0),(561,'QUESO PROVOLONE T/ITALIANO',21.76,25.45,6,68,'Kilogramo',NULL,0),(562,'QUESO PROVOLETA T/ARGENTINO',21.6,25.27,6,68,'Kilogramo',NULL,0),(563,'QUESO PARMESANO URUGUAYO',19.48,22.79,6,65,'Kilogramo',NULL,0),(564,'QUESO PARMESANO ITALIANO',19.38,22.68,6,65,'Kilogramo',NULL,0),(565,'QUESO PARMESANO GRANAPADANO',18.74,21.93,6,64,'Kilogramo',NULL,0),(566,'QUESO GORGONZOLA IMP.',17.37,20.32,6,63,'Kilogramo',NULL,0),(567,'QUESO HOLANDÉS BOLA ROJA',16.51,19.31,6,61,'Kilogramo',NULL,0),(568,'QUESO DE CABRA NATURAL',16.4,19.19,6,61,'Kilogramo',NULL,0),(569,'QUESO BRYE DE NORMANDY',15.65,18.3,6,60,'Kilogramo',NULL,0),(570,'QUESO CAMEMBER DE NORMANDY',14.87,17.4,6,59,'Kilogramo',NULL,0),(571,'QUESO ROQUEFURT AZUL',12.79,14.96,6,57,'Kilogramo',NULL,0),(572,'QUESO PHILADELPHIA',12.04,14.09,6,56,'Kilogramo',NULL,0),(573,'QUESO CREMA PHILADELPHIA',10.51,12.3,6,54,'Kilogramo',NULL,0),(574,'QUESO AMARILLO KRAFT',10.46,12.24,6,54,'Kilogramo',NULL,0),(575,'QUESO GRUYERE',10.3,12.05,6,53,'Kilogramo',NULL,0),(576,'QUESO PANELA COVADONGA',9.28,10.86,6,52,'Kilogramo',NULL,0),(577,'QUESO PANELA ECONÓMICO',8.41,9.84,6,51,'Kilogramo',NULL,0),(578,'QUESO RICOTA T/ITALIANO',6.05,7.08,6,48,'Kilogramo',NULL,0),(579,'QUESO DE CABRA DE SABORES',5.5,6.44,6,47,'Kilogramo',NULL,0),(580,'QUESO PORTZALUD FRANCÉS',4.99,5.84,6,46,'Kilogramo',NULL,0),(581,'QUESO PORZALUD NAL.',45.97,53.78,6,100,'Kilogramo',NULL,0),(582,'QUESO MASCARPONE IMP.',42.18,49.35,6,95,'Kilogramo',NULL,0),(583,'QUESO COTAGE T/AMERICANO',37.58,43.97,6,89,'Kilogramo',NULL,0),(584,'QUESO CABRALES',37.38,43.73,6,89,'Kilogramo',NULL,0),(585,'QUESO CHEDAR',36.54,42.75,6,88,'Kilogramo',NULL,0),(586,'QUESO AZADERO',36.2,42.36,6,87,'Kilogramo',NULL,0),(587,'QUESO BRYE Y CAMEMBERT DANÉS',36.04,42.16,6,87,'Kilogramo',NULL,0),(588,'JAMÓN SERRANO ESPAÑOL.',33.5,39.19,6,84,'Kilogramo',NULL,0),(589,'JAMÓN SERRANO ESPAÑOL NAVIDUL',31.85,37.26,6,81,'Kilogramo',NULL,0),(590,'JAMÓN SERRANO CYTERYO',28.1,32.87,6,77,'Kilogramo',NULL,0),(591,'JAMÓN SERRANO NACIONAL',28.02,32.79,6,76,'Kilogramo',NULL,0),(592,'JAMÓN DE PIERNA',27.5,32.17,6,76,'Kilogramo',NULL,0),(593,'JAMÓN COCIDO DE 1ra',25.49,29.83,6,73,'Kilogramo',NULL,0),(594,'JAMÓN DE PAVO',24.36,28.5,6,72,'Kilogramo',NULL,0),(595,'JAMÓN DE PAVO AHUMADO',23.78,27.83,6,71,'Kilogramo',NULL,0),(596,'SALAMI T/GENOVA',23.61,27.63,6,71,'Kilogramo',NULL,0),(597,'SALAMI COCIDO FUD',20.31,23.76,6,66,'Kilogramo',NULL,0),(598,'SALCHICH T ALEMANA',18.5,21.65,6,64,'Kilogramo',NULL,0),(599,'SALCHICHA COKTAIL',18.4,21.52,6,64,'Kilogramo',NULL,0),(600,'SALCHICHA DESAYUNO',17.66,20.66,6,63,'Kilogramo',NULL,0),(601,'SALCHICH T/CATALANA',17.2,20.12,6,62,'Kilogramo',NULL,0),(602,'SALCHICHA DE PAVO',16.89,19.77,6,62,'Kilogramo',NULL,0),(603,'TOCINO AHUMADO',16.02,18.75,6,61,'Kilogramo',NULL,0),(604,'TOCINO DE PAVO',14.5,16.97,6,59,'Kilogramo',NULL,0),(605,'TOCINO BLANCO',14.27,16.7,6,59,'Kilogramo',NULL,0),(606,'CHORIZO T/ESPAÑOL',12.97,15.17,6,57,'Kilogramo',NULL,0),(607,'CHORIZO PAMPLONA',12.87,15.06,6,57,'Kilogramo',NULL,0),(608,'CHORIZO ARGENTINO',12.31,14.4,6,56,'Kilogramo',NULL,0),(609,'ROSBIFE',10.99,12.86,6,54,'Kilogramo',NULL,0),(610,'PASTRAMI',10.58,12.38,6,54,'Kilogramo',NULL,0),(611,'PECHUGA DE PAVO OBERTAL',10.08,11.79,6,53,'Kilogramo',NULL,0),(612,'LOMO CANADIENCE',9.69,11.34,6,53,'Kilogramo',NULL,0),(613,'LOMO EMBUCHADO',8.07,9.45,6,50,'Kilogramo',NULL,0),(614,'CHISTORRA T/ESPAÑOL',6.3,7.37,6,48,'Kilogramo',NULL,0),(615,'ACEITE DE OLIVO ESPAÑOL',95.06,111.22,6,164,'Kilogramo',NULL,0),(616,'ALCAPARRAS',64.6,75.58,6,124,'Kilogramo',NULL,0),(617,'ARROZ CRISTAL',54.05,63.24,6,110,'Kilogramo',NULL,0),(618,'ALCACHOFAS (CORASONES)',51.33,60.06,6,107,'Kilogramo',NULL,0),(619,'ACEITUNAS S/HUESO',36.11,42.25,6,87,'Kilogramo',NULL,0),(620,'ACEITUNAS NEGRAS S/HUESO',34.15,39.95,6,84,'Kilogramo',NULL,0),(621,'QUESO MANCHEGO ESPAÑOL',28.9,34.39,7,53,'Kilogramo',NULL,0),(622,'QUESO MANCHEGO ESPAÑOL 3 LECHES',24.62,29.3,7,48,'Kilogramo',NULL,0),(623,'QUESO MANCHEGO ABEJA',24.02,28.59,7,47,'Kilogramo',NULL,0),(624,'QUESO MANCHEGO CAPERUCITA',23.16,27.56,7,46,'Kilogramo',NULL,0),(625,'QUESO MANCHEGO NOCHE BUENA',22.64,26.94,7,45,'Kilogramo',NULL,0),(626,'QUESO MANCHEGO HOLANDÉS',21.76,25.89,7,44,'Kilogramo',NULL,0),(627,'QUESO MOZARELLA C/SUERO',21.6,25.7,7,44,'Kilogramo',NULL,0),(628,'QUESO MOZARELLA EN BARRA',19.48,23.18,7,41,'Kilogramo',NULL,0),(629,'QUESO PROVOLONE T/ITALIANO',19.38,23.07,7,41,'Kilogramo',NULL,0),(630,'QUESO PROVOLETA T/ARGENTINO',18.74,22.3,7,40,'Kilogramo',NULL,0),(631,'QUESO PARMESANO URUGUAYO',17.37,20.67,7,38,'Kilogramo',NULL,0),(632,'QUESO PARMESANO ITALIANO',16.51,19.64,7,37,'Kilogramo',NULL,0),(633,'QUESO PARMESANO GRANAPADANO',16.4,19.52,7,37,'Kilogramo',NULL,0),(634,'QUESO GORGONZOLA IMP.',15.65,18.62,7,36,'Kilogramo',NULL,0),(635,'QUESO HOLANDÉS BOLA ROJA',14.87,17.69,7,35,'Kilogramo',NULL,0),(636,'QUESO DE CABRA NATURAL',12.79,15.22,7,32,'Kilogramo',NULL,0),(637,'QUESO BRYE DE NORMANDY',12.04,14.33,7,31,'Kilogramo',NULL,0),(638,'QUESO CAMEMBER DE NORMANDY',10.51,12.51,7,29,'Kilogramo',NULL,0),(639,'QUESO ROQUEFURT AZUL',10.46,12.45,7,29,'Kilogramo',NULL,0),(640,'QUESO PHILADELPHIA',10.3,12.26,7,29,'Kilogramo',NULL,0),(641,'QUESO CREMA PHILADELPHIA',9.28,11.05,7,27,'Kilogramo',NULL,0),(642,'QUESO AMARILLO KRAFT',8.41,10.01,7,26,'Kilogramo',NULL,0),(643,'QUESO GRUYERE',6.05,7.2,7,23,'Kilogramo',NULL,0),(644,'QUESO PANELA COVADONGA',5.5,6.55,7,22,'Kilogramo',NULL,0),(645,'QUESO PANELA ECONÓMICO',4.99,5.94,7,22,'Kilogramo',NULL,0),(646,'QUESO RICOTA T/ITALIANO',45.97,54.7,7,76,'Kilogramo',NULL,0),(647,'QUESO DE CABRA DE SABORES',42.18,50.19,7,71,'Kilogramo',NULL,0),(648,'QUESO PORTZALUD FRANCÉS',37.58,44.72,7,65,'Kilogramo',NULL,0),(649,'QUESO PORZALUD NAL.',37.38,44.48,7,64,'Kilogramo',NULL,0),(650,'QUESO MASCARPONE IMP.',36.54,43.48,7,63,'Kilogramo',NULL,0),(651,'QUESO COTAGE T/AMERICANO',36.2,43.08,7,63,'Kilogramo',NULL,0),(652,'QUESO CABRALES',36.04,42.88,7,63,'Kilogramo',NULL,0),(653,'QUESO CHEDAR',33.5,39.86,7,59,'Kilogramo',NULL,0),(654,'QUESO AZADERO',31.85,37.9,7,57,'Kilogramo',NULL,0),(655,'QUESO BRYE Y CAMEMBERT DANÉS',28.1,33.44,7,52,'Kilogramo',NULL,0),(656,'JAMÓN SERRANO ESPAÑOL.',28.02,33.35,7,52,'Kilogramo',NULL,0),(657,'JAMÓN SERRANO ESPAÑOL NAVIDUL',27.5,32.72,7,51,'Kilogramo',NULL,0),(658,'JAMÓN SERRANO CYTERYO',25.49,30.34,7,49,'Kilogramo',NULL,0),(659,'JAMÓN SERRANO NACIONAL',24.36,28.99,7,47,'Kilogramo',NULL,0),(660,'JAMÓN DE PIERNA',23.78,28.3,7,46,'Kilogramo',NULL,0),(661,'JAMÓN COCIDO DE 1ra',23.61,28.1,7,46,'Kilogramo',NULL,0),(662,'JAMÓN DE PAVO',20.31,24.17,7,42,'Kilogramo',NULL,0),(663,'JAMÓN DE PAVO AHUMADO',18.5,22.02,7,39,'Kilogramo',NULL,0),(664,'SALAMI T/GENOVA',18.4,21.89,7,39,'Kilogramo',NULL,0),(665,'SALAMI COCIDO FUD',17.66,21.02,7,38,'Kilogramo',NULL,0),(666,'SALCHICH T ALEMANA',17.2,20.47,7,38,'Kilogramo',NULL,0),(667,'SALCHICHA COKTAIL',16.89,20.1,7,37,'Kilogramo',NULL,0),(668,'SALCHICHA DESAYUNO',16.02,19.07,7,36,'Kilogramo',NULL,0),(669,'SALCHICH T/CATALANA',14.5,17.26,7,34,'Kilogramo',NULL,0),(670,'SALCHICHA DE PAVO',14.27,16.98,7,34,'Kilogramo',NULL,0),(671,'TOCINO AHUMADO',12.97,15.43,7,32,'Kilogramo',NULL,0),(672,'TOCINO DE PAVO',12.87,15.32,7,32,'Kilogramo',NULL,0),(673,'TOCINO BLANCO',12.31,14.64,7,31,'Kilogramo',NULL,0),(674,'CHORIZO T/ESPAÑOL',10.99,13.08,7,30,'Kilogramo',NULL,0),(675,'CHORIZO PAMPLONA',10.58,12.59,7,29,'Kilogramo',NULL,0),(676,'CHORIZO ARGENTINO',10.08,12,7,28,'Kilogramo',NULL,0),(677,'ROSBIFE',9.69,11.53,7,28,'Kilogramo',NULL,0),(678,'PASTRAMI',8.07,9.61,7,26,'Kilogramo',NULL,0),(679,'PECHUGA DE PAVO OBERTAL',6.3,7.5,7,23,'Kilogramo',NULL,0),(680,'LOMO CANADIENCE',95.06,113.12,7,141,'Kilogramo',NULL,0),(681,'LOMO EMBUCHADO',64.6,76.87,7,100,'Kilogramo',NULL,0),(682,'CHISTORRA T/ESPAÑOL',54.05,64.32,7,86,'Kilogramo',NULL,0),(683,'ACEITE DE OLIVO ESPAÑOL',51.33,61.09,7,83,'Kilogramo',NULL,0),(684,'ALCAPARRAS',36.11,42.97,7,63,'Kilogramo',NULL,0),(685,'ARROZ CRISTAL',34.15,40.63,7,60,'Kilogramo',NULL,0),(686,'ALCACHOFAS (CORASONES)',28.9,34.39,7,53,'Kilogramo',NULL,0),(687,'ACEITUNAS S/HUESO',24.62,29.3,7,48,'Kilogramo',NULL,0),(688,'ACEITUNAS NEGRAS S/HUESO',24.02,28.59,7,47,'Kilogramo',NULL,0),(689,'QUESO MANCHEGO ESPAÑOL',23.16,25.71,8,39,'Kilogramo',NULL,0),(690,'QUESO MANCHEGO ESPAÑOL 3 LECHES',22.64,25.13,8,38,'Kilogramo',NULL,0),(691,'QUESO MANCHEGO ABEJA',21.76,24.15,8,37,'Kilogramo',NULL,0),(692,'QUESO MANCHEGO CAPERUCITA',21.6,23.97,8,37,'Kilogramo',NULL,0),(693,'QUESO MANCHEGO NOCHE BUENA',19.48,21.62,8,34,'Kilogramo',NULL,0),(694,'QUESO MANCHEGO HOLANDÉS',19.38,21.52,8,34,'Kilogramo',NULL,0),(695,'QUESO MOZARELLA C/SUERO',18.74,20.8,8,33,'Kilogramo',NULL,0),(696,'QUESO MOZARELLA EN BARRA',17.37,19.28,8,31,'Kilogramo',NULL,0),(697,'QUESO PROVOLONE T/ITALIANO',16.51,18.32,8,30,'Kilogramo',NULL,0),(698,'QUESO PROVOLETA T/ARGENTINO',16.4,18.21,8,30,'Kilogramo',NULL,0),(699,'QUESO PARMESANO URUGUAYO',15.65,17.37,8,29,'Kilogramo',NULL,0),(700,'QUESO PARMESANO ITALIANO',14.87,16.5,8,28,'Kilogramo',NULL,0),(701,'QUESO PARMESANO GRANAPADANO',12.79,14.2,8,26,'Kilogramo',NULL,0),(702,'QUESO GORGONZOLA IMP.',12.04,13.37,8,25,'Kilogramo',NULL,0),(703,'QUESO HOLANDÉS BOLA ROJA',10.51,11.67,8,23,'Kilogramo',NULL,0),(704,'QUESO DE CABRA NATURAL',10.46,11.61,8,23,'Kilogramo',NULL,0),(705,'QUESO BRYE DE NORMANDY',10.3,11.43,8,23,'Kilogramo',NULL,0),(706,'QUESO CAMEMBER DE NORMANDY',9.28,10.3,8,21,'Kilogramo',NULL,0),(707,'QUESO ROQUEFURT AZUL',8.41,9.34,8,20,'Kilogramo',NULL,0),(708,'QUESO PHILADELPHIA',6.05,6.71,8,17,'Kilogramo',NULL,0),(709,'QUESO CREMA PHILADELPHIA',5.5,6.11,8,17,'Kilogramo',NULL,0),(710,'QUESO AMARILLO KRAFT',4.99,5.54,8,16,'Kilogramo',NULL,0),(711,'QUESO GRUYERE',45.97,51.03,8,67,'Kilogramo',NULL,0),(712,'QUESO PANELA COVADONGA',42.18,46.82,8,62,'Kilogramo',NULL,0),(713,'QUESO PANELA ECONÓMICO',37.58,41.71,8,56,'Kilogramo',NULL,0),(714,'QUESO RICOTA T/ITALIANO',37.38,41.49,8,56,'Kilogramo',NULL,0),(715,'QUESO DE CABRA DE SABORES',36.54,40.56,8,55,'Kilogramo',NULL,0),(716,'QUESO PORTZALUD FRANCÉS',36.2,40.19,8,55,'Kilogramo',NULL,0),(717,'QUESO PORZALUD NAL.',36.04,40,8,54,'Kilogramo',NULL,0),(718,'QUESO MASCARPONE IMP.',33.5,37.18,8,51,'Kilogramo',NULL,0),(719,'QUESO COTAGE T/AMERICANO',31.85,35.35,8,49,'Kilogramo',NULL,0),(720,'QUESO CABRALES',28.1,31.19,8,45,'Kilogramo',NULL,0),(721,'QUESO CHEDAR',28.02,31.11,8,45,'Kilogramo',NULL,0),(722,'QUESO AZADERO',27.5,30.52,8,44,'Kilogramo',NULL,0),(723,'QUESO BRYE Y CAMEMBERT DANÉS',25.49,28.3,8,41,'Kilogramo',NULL,0),(724,'JAMÓN SERRANO ESPAÑOL.',24.36,27.04,8,40,'Kilogramo',NULL,0),(725,'JAMÓN SERRANO ESPAÑOL NAVIDUL',23.78,26.4,8,39,'Kilogramo',NULL,0),(726,'JAMÓN SERRANO CYTERYO',23.61,26.21,8,39,'Kilogramo',NULL,0),(727,'JAMÓN SERRANO NACIONAL',20.31,22.54,8,35,'Kilogramo',NULL,0),(728,'JAMÓN DE PIERNA',18.5,20.54,8,33,'Kilogramo',NULL,0),(729,'JAMÓN COCIDO DE 1ra',18.4,20.42,8,33,'Kilogramo',NULL,0),(730,'JAMÓN DE PAVO',17.66,19.6,8,32,'Kilogramo',NULL,0),(731,'JAMÓN DE PAVO AHUMADO',17.2,19.09,8,31,'Kilogramo',NULL,0),(732,'SALAMI T/GENOVA',16.89,18.75,8,31,'Kilogramo',NULL,0),(733,'SALAMI COCIDO FUD',16.02,17.79,8,30,'Kilogramo',NULL,0),(734,'SALCHICH T ALEMANA',14.5,16.1,8,28,'Kilogramo',NULL,0),(735,'SALCHICHA COKTAIL',14.27,15.84,8,28,'Kilogramo',NULL,0),(736,'SALCHICHA DESAYUNO',12.97,14.39,8,26,'Kilogramo',NULL,0),(737,'SALCHICH T/CATALANA',12.87,14.29,8,26,'Kilogramo',NULL,0),(738,'SALCHICHA DE PAVO',12.31,13.66,8,25,'Kilogramo',NULL,0),(739,'TOCINO AHUMADO',10.99,12.2,8,24,'Kilogramo',NULL,0),(740,'TOCINO DE PAVO',10.58,11.75,8,23,'Kilogramo',NULL,0),(741,'TOCINO BLANCO',10.08,11.19,8,22,'Kilogramo',NULL,0),(742,'CHORIZO T/ESPAÑOL',9.69,10.76,8,22,'Kilogramo',NULL,0),(743,'CHORIZO PAMPLONA',8.07,8.96,8,20,'Kilogramo',NULL,0),(744,'CHORIZO ARGENTINO',6.3,6.99,8,18,'Kilogramo',NULL,0),(745,'ROSBIFE',99.81,110.79,8,133,'Kilogramo',NULL,0),(746,'PASTRAMI',67.83,75.29,8,94,'Kilogramo',NULL,0),(747,'PECHUGA DE PAVO OBERTAL',56.76,63,8,80,'Kilogramo',NULL,0),(748,'LOMO CANADIENCE',53.9,59.83,8,76,'Kilogramo',NULL,0),(749,'LOMO EMBUCHADO',37.91,42.09,8,57,'Kilogramo',NULL,0),(750,'CHISTORRA T/ESPAÑOL',35.85,39.8,8,54,'Kilogramo',NULL,0),(751,'ACEITE DE OLIVO ESPAÑOL',30.34,33.68,8,47,'Kilogramo',NULL,0),(752,'ALCAPARRAS',25.85,28.7,8,42,'Kilogramo',NULL,0),(753,'ARROZ CRISTAL',25.23,28,8,41,'Kilogramo',NULL,0),(754,'ALCACHOFAS (CORASONES)',24.32,27,8,40,'Kilogramo',NULL,0),(755,'ACEITUNAS S/HUESO',23.77,26.38,8,39,'Kilogramo',NULL,0),(756,'ACEITUNAS NEGRAS S/HUESO',22.84,25.36,8,38,'Kilogramo',NULL,0),(757,'CHALECO MISS JEANS 33-65888 INFAN para INFAN',179,198.69,13,20,'Pza',NULL,0),(758,'CHAMARRA G-LANDER PF11438LS INFAN',199,220.89,13,22,'Pza',NULL,0),(759,'CHALECO BONITA DE MAS VB204 Dam',199,220.89,13,22,'Pza',NULL,0),(760,'SUDADERA NFL PACKERS GB 314836T INFAN',199,220.89,13,22,'Pza',NULL,0),(761,'SUDADERA DRY LAUNDRY DL23FWMHOD008 CAB',249,276.39,13,28,'Pza',NULL,0),(762,'SUDADERA DRY LAUNDRY DL23FWMHOD010 CAB',249,276.39,13,28,'Pza',NULL,0),(763,'CHAMARRA CAPITONADA BONITA DE MAS JB218 DAM',279,309.69,13,31,'Pza',NULL,0),(764,'CHAMARRA BONITA DE MAS CAPITONADA JB219 DAM',279,309.69,13,31,'Pza',NULL,0),(765,'CHAMARRA ROOS RSFWWJCT722 Dam',279,309.69,13,31,'Pza',NULL,0),(766,'CHAMARRA ROOS RS24FWWJCT161 Dam',279,309.69,13,31,'Pza',NULL,0),(767,'CHAMARRA J.H.N.S.J 6658E Dam',279,309.69,13,31,'Pza',NULL,0),(768,'CHALECO DRY LAUNDRY DL25FWWVST792 Dam',279,309.69,13,31,'Pza',NULL,0),(769,'CHALECO DRY LAUNDRY DL24FWWVST029 Dam',279,309.69,13,31,'Pza',NULL,0),(770,'CHALECO GREENGO CITYWEAR M114 CAB',279,309.69,13,31,'Pza',NULL,0),(771,'CHALECO BELLA FASHION VBL1568 Dam',279,309.69,13,31,'Pza',NULL,0),(772,'CHALECO ROOS RS25FWWVST053 Dam',279,309.69,13,31,'Pza',NULL,0),(773,'ABRIGO ROOS RS24FWMJCT390 CAB',279,309.69,13,31,'Pza',NULL,0),(774,'CHAMARRA G-LANDER BF11450LS INF',299,331.89,13,33,'Pza',NULL,0),(775,'CHAMARRA ROYAL CHIC RC23FWWJCT044 Dam',299,331.89,13,33,'Pza',NULL,0),(776,'CHAMARRA DEE DEE 33-61620 INF',299,331.89,13,33,'Pza',NULL,0),(777,'CHALECO ROOS RS24FWMVST350 CAB DAM',299,331.89,13,33,'Pza',NULL,0),(778,'CHAMARRA ROOS RS23SSWJCT001 Dam',329,365.19,13,37,'Pza',NULL,0),(779,'CHALECO BONAVI W175-B14-783 Dam',329,365.19,13,37,'Pza',NULL,0),(780,'CHALECO BONAVI W175-B14-784 Dam',329,365.19,13,37,'Pza',NULL,0),(781,'CHALECO ROOS VE02 Dam',329,365.19,13,37,'Pza',NULL,0),(782,'CHALECO ROOS RS24FWWVST300 Dam',349,387.39,13,39,'Pza',NULL,0),(783,'CHAMARRA DRY LAUNDRY DL25FWMJCT016 CAB',365,405.15,13,41,'Pza',NULL,0),(784,'CHAMARRA BELLA CBF0727 Dam',365,405.15,13,41,'Pza',NULL,0),(785,'CHAMARRA BELLA FASHION CBF0739 EXTR DAM',365,405.15,13,41,'Pza',NULL,0),(786,'CHAMARRA BELLA FASHION CBF0726 Dam',365,405.15,13,41,'Pza',NULL,0),(787,'CHAMARRA DRY LAUNDRY DL25FWMJCT028 CAB',365,405.15,13,41,'Pza',NULL,0),(788,'CHAMARRA DESMONT DRY LAUNDRY DL24FWMT017 CAB',369,409.59,13,41,'Pza',NULL,0),(789,'CHAMARRA TUBO BELLA LG102 Dam',369,409.59,13,41,'Pza',NULL,0),(790,'CHAMARRA TIM MEN FASHION MG114 CAB',369,409.59,13,41,'Pza',NULL,0),(791,'CHAMARRA TIM MEN FASHION MG115 CAB',369,409.59,13,41,'Pza',NULL,0),(792,'CHAMARRA TIM MEN FASHION MG116 CAB',369,409.59,13,41,'Pza',NULL,0),(793,'CHAMARRA BELLA FASHION LG105 Dam',369,409.59,13,41,'Pza',NULL,0),(794,'CHAMARRA BELLA FASHION LG1560 Dam',369,409.59,13,41,'Pza',NULL,0),(795,'CHAMARRA HPC POLO 315519 Dam',369,409.59,13,41,'Pza',NULL,0),(796,'CHAMARRA ROOS ABJ458 CAB',389,431.79,13,43,'Pza',NULL,0),(797,'CHAMARRA DRY LAUNDRY DL24FWWJCT044 Dam',389,431.79,13,43,'Pza',NULL,0),(798,'CHAMARRA G-LANDER VIN4217 Dam',449,498.39,13,50,'Pza',NULL,0),(799,'CHAMARRA CAZAD ROOS RS24FWMCOT010 CAB',449,498.39,13,50,'Pza',NULL,0),(800,'ABRIGO G-LANDER GAM 3495 Dam',449,498.39,13,50,'Pza',NULL,0),(801,'CHAMARRA HOLSTARK 3VT3048 MONICA Dam',469,520.59,13,52,'Pza',NULL,0),(802,'CHAMARRA BELLA LG1511 Dam',469,520.59,13,52,'Pza',NULL,0),(803,'CHAMARRA G-LANDER VIN4070 Dam',499,553.89,13,55,'Pza',NULL,0),(804,'CHAMARRA NFL BRONCOS DENVER 315337 CAB',499,553.89,13,55,'Pza',NULL,0),(805,'CHAMARRA NFL PATRIOTS NEW ENGLAND 315338 CAB',499,553.89,13,55,'Pza',NULL,0),(806,'CHAMARRA NFL 49ERS 313615 CAB',499,553.89,13,55,'Pza',NULL,0),(807,'CHALECO G-LANDER POL3403 CAB',499,553.89,13,55,'Pza',NULL,0),(808,'CHALECO HAGGAR FC12356016 CAB',499,553.89,13,55,'Pza',NULL,0),(809,'CHALECO G-LANDER POL3494 CAB',529,587.19,13,59,'Pza',NULL,0),(810,'CHAMARRA G-LANDER VIN4082 Dam',599,664.89,13,66,'Pza',NULL,0),(811,'ABRIGO BLACK RIVET 675555 CAB',599,664.89,13,66,'Pza',NULL,0),(812,'CHAMARRA DIVINE LOOK VIN4075 Dam',649,720.39,13,72,'Pza',NULL,0),(813,'CHAMARRA G-LANDER VIN4119 CAB',649,720.39,13,72,'Pza',NULL,0),(814,'CHALECO G-LANDER POL4625 CAB',649,720.39,13,72,'Pza',NULL,0),(815,'CHAMARRA G-LANDER POL 3421 Dam',769,853.59,13,85,'Pza',NULL,0),(816,'CHAMARRA G-LANDER VIN4041 Dam',769,853.59,13,85,'Pza',NULL,0),(817,'CHAMARRA G-LANDER POL3567 CAB',769,853.59,13,85,'Pza',NULL,0),(818,'CHAMARRA G-LANDER VIN5437 Dam',769,853.59,13,85,'Pza',NULL,0),(819,'CHAMARRA G-LANDER CAP5090 Dam',769,853.59,13,85,'Pza',NULL,0),(820,'CHAMARRA G-LANDER CA4699 CAB',769,853.59,13,85,'Pza',NULL,0),(821,'CHAMARRA G-LANDER POL4648 CAB',769,853.59,13,85,'Pza',NULL,0),(822,'ABRIGO G-LANDER LAN5099 Dam',769,853.59,13,85,'Pza',NULL,0),(823,'CHALECO MISS JEANS 33-65888 INF',179,195.11,14,39,'Pza',NULL,0),(824,'CHAMARRA G-LANDER PF11438LS INF',199,216.91,14,43,'Pza',NULL,0),(825,'CHALECO BONITA DE MAS VB204 Dam',199,216.91,14,43,'Pza',NULL,0),(826,'SUDADERA NFL PACKERS GB 314836T INF',199,216.91,14,43,'Pza',NULL,0),(827,'SUDADERA DRY LAUNDRY DL23FWMHOD008 CAB',249,271.41,14,54,'Pza',NULL,0),(828,'SUDADERA DRY LAUNDRY DL23FWMHOD010 CAB',249,271.41,14,54,'Pza',NULL,0),(829,'CHAMARRA CAPITONADA BONITA DE MAS JB218 DAM',279,304.11,14,61,'Pza',NULL,0),(830,'CHAMARRA BONITA DE MAS CAPITONADA JB219 DAM',279,304.11,14,61,'Pza',NULL,0),(831,'CHAMARRA ROOS RSFWWJCT722 Dam',279,304.11,14,61,'Pza',NULL,0),(832,'CHAMARRA ROOS RS24FWWJCT161 Dam',279,304.11,14,61,'Pza',NULL,0),(833,'CHAMARRA J.H.N.S.J 6658E Dam',279,304.11,14,61,'Pza',NULL,0),(834,'CHALECO DRY LAUNDRY DL25FWWVST792 Dam',279,304.11,14,61,'Pza',NULL,0),(835,'CHALECO DRY LAUNDRY DL24FWWVST029 Dam',279,304.11,14,61,'Pza',NULL,0),(836,'CHALECO GREENGO CITYWEAR M114 CAB',279,304.11,14,61,'Pza',NULL,0),(837,'CHALECO BELLA FASHION VBL1568 Dam',279,304.11,14,61,'Pza',NULL,0),(838,'CHALECO ROOS RS25FWWVST053 Dam',279,304.11,14,61,'Pza',NULL,0),(839,'ABRIGO ROOS RS24FWMJCT390 CAB',279,304.11,14,61,'Pza',NULL,0),(840,'CHAMARRA G-LANDER BF11450LS INF',299,325.91,14,65,'Pza',NULL,0),(841,'CHAMARRA ROYAL CHIC RC23FWWJCT044 Dam',299,325.91,14,65,'Pza',NULL,0),(842,'CHAMARRA DEE DEE 33-61620 INF',299,325.91,14,65,'Pza',NULL,0),(843,'CHALECO ROOS RS24FWMVST350 CAB DAM',299,325.91,14,65,'Pza',NULL,0),(844,'CHAMARRA ROOS RS23SSWJCT001 Dam',329,358.61,14,72,'Pza',NULL,0),(845,'CHALECO BONAVI W175-B14-783 Dam',329,358.61,14,72,'Pza',NULL,0),(846,'CHALECO BONAVI W175-B14-784 Dam',329,358.61,14,72,'Pza',NULL,0),(847,'CHALECO ROOS VE02 Dam',329,358.61,14,72,'Pza',NULL,0),(848,'CHALECO ROOS RS24FWWVST300 Dam',349,380.41,14,76,'Pza',NULL,0),(849,'CHAMARRA DRY LAUNDRY DL25FWMJCT016 CAB',365,397.85,14,80,'Pza',NULL,0),(850,'CHAMARRA BELLA CBF0727 Dam',365,397.85,14,80,'Pza',NULL,0),(851,'CHAMARRA BELLA FASHION CBF0739 EXTR DAM',365,397.85,14,80,'Pza',NULL,0),(852,'CHAMARRA BELLA FASHION CBF0726 Dam',365,397.85,14,80,'Pza',NULL,0),(853,'CHAMARRA DRY LAUNDRY DL25FWMJCT028 CAB',365,397.85,14,80,'Pza',NULL,0),(854,'CHAMARRA DESMONT DRY LAUNDRY DL24FWMT017 CAB',369,402.21,14,80,'Pza',NULL,0),(855,'CHAMARRA TUBO BELLA LG102 Dam',369,402.21,14,80,'Pza',NULL,0),(856,'CHAMARRA TIM MEN FASHION MG114 CAB',369,402.21,14,80,'Pza',NULL,0),(857,'CHAMARRA TIM MEN FASHION MG115 CAB',369,402.21,14,80,'Pza',NULL,0),(858,'CHAMARRA TIM MEN FASHION MG116 CAB',369,402.21,14,80,'Pza',NULL,0),(859,'CHAMARRA BELLA FASHION LG105 Dam',369,402.21,14,80,'Pza',NULL,0),(860,'CHAMARRA BELLA FASHION LG1560 Dam',369,402.21,14,80,'Pza',NULL,0),(861,'CHAMARRA HPC POLO 315519 Dam',369,402.21,14,80,'Pza',NULL,0),(862,'CHAMARRA ROOS ABJ458 CAB',389,424.01,14,85,'Pza',NULL,0),(863,'CHAMARRA DRY LAUNDRY DL24FWWJCT044 Dam',389,424.01,14,85,'Pza',NULL,0),(864,'CHAMARRA G-LANDER VIN4217 Dam',449,489.41,14,98,'Pza',NULL,0),(865,'CHAMARRA CAZAD ROOS RS24FWMCOT010 CAB',449,489.41,14,98,'Pza',NULL,0),(866,'ABRIGO G-LANDER GAM 3495 Dam',449,489.41,14,98,'Pza',NULL,0),(867,'CHAMARRA HOLSTARK 3VT3048 MONICA Dam',469,511.21,14,102,'Pza',NULL,0),(868,'CHAMARRA BELLA LG1511 Dam',469,511.21,14,102,'Pza',NULL,0),(869,'CHAMARRA G-LANDER VIN4070 Dam',499,543.91,14,109,'Pza',NULL,0),(870,'CHAMARRA NFL BRONCOS DENVER 315337 CAB',499,543.91,14,109,'Pza',NULL,0),(871,'CHAMARRA NFL PATRIOTS NEW ENGLAND 315338 CAB',499,543.91,14,109,'Pza',NULL,0),(872,'CHAMARRA NFL 49ERS 313615 CAB',499,543.91,14,109,'Pza',NULL,0),(873,'CHALECO G-LANDER POL3403 CAB',499,543.91,14,109,'Pza',NULL,0),(874,'CHALECO HAGGAR FC12356016 CAB',499,543.91,14,109,'Pza',NULL,0),(875,'CHALECO G-LANDER POL3494 CAB',529,576.61,14,115,'Pza',NULL,0),(876,'CHAMARRA G-LANDER VIN4082 Dam',599,652.91,14,131,'Pza',NULL,0),(877,'ABRIGO BLACK RIVET 675555 CAB',599,652.91,14,131,'Pza',NULL,0),(878,'CHAMARRA DIVINE LOOK VIN4075 Dam',649,707.41,14,141,'Pza',NULL,0),(879,'CHAMARRA G-LANDER VIN4119 CAB',649,707.41,14,141,'Pza',NULL,0),(880,'CHALECO G-LANDER POL4625 CAB',649,707.41,14,141,'Pza',NULL,0),(881,'CHAMARRA G-LANDER POL 3421 Dam',769,838.21,14,168,'Pza',NULL,0),(882,'CHAMARRA G-LANDER VIN4041 Dam',769,838.21,14,168,'Pza',NULL,0),(883,'CHAMARRA G-LANDER POL3567 CAB',769,838.21,14,168,'Pza',NULL,0),(884,'CHAMARRA G-LANDER VIN5437 Dam',769,838.21,14,168,'Pza',NULL,0),(885,'CHAMARRA G-LANDER CAP5090 Dam',769,838.21,14,168,'Pza',NULL,0),(886,'CHAMARRA G-LANDER CA4699 CAB',769,838.21,14,168,'Pza',NULL,0),(887,'CHAMARRA G-LANDER POL4648 CAB',769,838.21,14,168,'Pza',NULL,0),(888,'ABRIGO G-LANDER LAN5099 Dam',769,838.21,14,168,'Pza',NULL,0),(889,'CHALECO MISS JEANS 33-65888 INF',179,213.01,15,14,'Pza',NULL,0),(890,'CHAMARRA G-LANDER PF11438LS INF',199,216.91,15,14,'Pza',NULL,0),(891,'CHALECO BONITA DE MAS VB204 Dam',199,216.91,15,14,'Pza',NULL,0),(892,'SUDADERA NFL PACKERS GB 314836T INF',199,216.91,15,14,'Pza',NULL,0),(893,'SUDADERA DRY LAUNDRY DL23FWMHOD008 CAB',249,271.41,15,18,'Pza',NULL,0),(894,'SUDADERA DRY LAUNDRY DL23FWMHOD010 CAB',249,271.41,15,18,'Pza',NULL,0),(895,'CHAMARRA CAPITONADA BONITA DE MAS JB218 DAM',279,304.11,15,20,'Pza',NULL,0),(896,'CHAMARRA BONITA DE MAS CAPITONADA JB219 DAM',279,304.11,15,20,'Pza',NULL,0),(897,'CHAMARRA ROOS RSFWWJCT722 Dam',279,304.11,15,20,'Pza',NULL,0),(898,'CHAMARRA ROOS RS24FWWJCT161 Dam',279,304.11,15,20,'Pza',NULL,0),(899,'CHAMARRA J.H.N.S.J 6658E Dam',279,304.11,15,20,'Pza',NULL,0),(900,'CHALECO DRY LAUNDRY DL25FWWVST792 Dam',279,304.11,15,20,'Pza',NULL,0),(901,'CHALECO DRY LAUNDRY DL24FWWVST029 Dam',279,304.11,15,20,'Pza',NULL,0),(902,'CHALECO GREENGO CITYWEAR M114 CAB',279,304.11,15,20,'Pza',NULL,0),(903,'CHALECO BELLA FASHION VBL1568 Dam',279,304.11,15,20,'Pza',NULL,0),(904,'CHALECO ROOS RS25FWWVST053 Dam',279,304.11,15,20,'Pza',NULL,0),(905,'ABRIGO ROOS RS24FWMJCT390 CAB',279,304.11,15,20,'Pza',NULL,0),(906,'CHAMARRA G-LANDER BF11450LS INF',299,325.91,15,22,'Pza',NULL,0),(907,'CHAMARRA ROYAL CHIC RC23FWWJCT044 Dam',299,325.91,15,22,'Pza',NULL,0),(908,'CHAMARRA DEE DEE 33-61620 INF',299,325.91,15,22,'Pza',NULL,0),(909,'CHALECO ROOS RS24FWMVST350 CAB DAM',299,325.91,15,22,'Pza',NULL,0),(910,'CHAMARRA ROOS RS23SSWJCT001 Dam',329,358.61,15,24,'Pza',NULL,0),(911,'CHALECO BONAVI W175-B14-783 Dam',329,358.61,15,24,'Pza',NULL,0),(912,'CHALECO BONAVI W175-B14-784 Dam',329,358.61,15,24,'Pza',NULL,0),(913,'CHALECO ROOS VE02 Dam',329,358.61,15,24,'Pza',NULL,0),(914,'CHALECO ROOS RS24FWWVST300 Dam',349,380.41,15,25,'Pza',NULL,0),(915,'CHAMARRA DRY LAUNDRY DL25FWMJCT016 CAB',365,397.85,15,27,'Pza',NULL,0),(916,'CHAMARRA BELLA CBF0727 Dam',365,397.85,15,27,'Pza',NULL,0),(917,'CHAMARRA BELLA FASHION CBF0739 EXTR DAM',365,397.85,15,27,'Pza',NULL,0),(918,'CHAMARRA BELLA FASHION CBF0726 Dam',365,397.85,15,27,'Pza',NULL,0),(919,'CHAMARRA DRY LAUNDRY DL25FWMJCT028 CAB',365,397.85,15,27,'Pza',NULL,0),(920,'CHAMARRA DESMONT DRY LAUNDRY DL24FWMT017 CAB',369,402.21,15,27,'Pza',NULL,0),(921,'CHAMARRA TUBO BELLA LG102 Dam',369,402.21,15,27,'Pza',NULL,0),(922,'CHAMARRA TIM MEN FASHION MG114 CAB',369,402.21,15,27,'Pza',NULL,0),(923,'CHAMARRA TIM MEN FASHION MG115 CAB',369,402.21,15,27,'Pza',NULL,0),(924,'CHAMARRA TIM MEN FASHION MG116 CAB',369,402.21,15,27,'Pza',NULL,0),(925,'CHAMARRA BELLA FASHION LG105 Dam',369,402.21,15,27,'Pza',NULL,0),(926,'CHAMARRA BELLA FASHION LG1560 Dam',369,402.21,15,27,'Pza',NULL,0),(927,'CHAMARRA HPC POLO 315519 Dam',369,402.21,15,27,'Pza',NULL,0),(928,'CHAMARRA ROOS ABJ458 CAB',389,424.01,15,28,'Pza',NULL,0),(929,'CHAMARRA DRY LAUNDRY DL24FWWJCT044 Dam',389,424.01,15,28,'Pza',NULL,0),(930,'CHAMARRA G-LANDER VIN4217 Dam',449,489.41,15,33,'Pza',NULL,0),(931,'CHAMARRA CAZAD ROOS RS24FWMCOT010 CAB',449,489.41,15,33,'Pza',NULL,0),(932,'ABRIGO G-LANDER GAM 3495 Dam',449,489.41,15,33,'Pza',NULL,0),(933,'CHAMARRA HOLSTARK 3VT3048 MONICA Dam',469,511.21,15,34,'Pza',NULL,0),(934,'CHAMARRA BELLA LG1511 Dam',469,511.21,15,34,'Pza',NULL,0),(935,'CHAMARRA G-LANDER VIN4070 Dam',499,543.91,15,36,'Pza',NULL,0),(936,'CHAMARRA NFL BRONCOS DENVER 315337 CAB',499,543.91,15,36,'Pza',NULL,0),(937,'CHAMARRA NFL PATRIOTS NEW ENGLAND 315338 CAB',499,543.91,15,36,'Pza',NULL,0),(938,'CHAMARRA NFL 49ERS 313615 CAB',499,543.91,15,36,'Pza',NULL,0),(939,'CHALECO G-LANDER POL3403 CAB',499,543.91,15,36,'Pza',NULL,0),(940,'CHALECO HAGGAR FC12356016 CAB',499,543.91,15,36,'Pza',NULL,0),(941,'CHALECO G-LANDER POL3494 CAB',529,576.61,15,38,'Pza',NULL,0),(942,'CHAMARRA G-LANDER VIN4082 Dam',599,652.91,15,44,'Pza',NULL,0),(943,'ABRIGO BLACK RIVET 675555 CAB',599,652.91,15,44,'Pza',NULL,0),(944,'CHAMARRA DIVINE LOOK VIN4075 Dam',649,707.41,15,47,'Pza',NULL,0),(945,'CHAMARRA G-LANDER VIN4119 CAB',649,707.41,15,47,'Pza',NULL,0),(946,'CHALECO G-LANDER POL4625 CAB',649,707.41,15,47,'Pza',NULL,0),(947,'CHAMARRA G-LANDER POL 3421 Dam',769,838.21,15,56,'Pza',NULL,0),(948,'CHAMARRA G-LANDER VIN4041 Dam',769,838.21,15,56,'Pza',NULL,0),(949,'CHAMARRA G-LANDER POL3567 CAB',769,838.21,15,56,'Pza',NULL,0),(950,'CHAMARRA G-LANDER VIN5437 Dam',769,838.21,15,56,'Pza',NULL,0),(951,'CHAMARRA G-LANDER CAP5090 Dam',769,838.21,15,56,'Pza',NULL,0),(952,'CHAMARRA G-LANDER CA4699 CAB',769,838.21,15,56,'Pza',NULL,0),(953,'CHAMARRA G-LANDER POL4648 CAB',769,838.21,15,56,'Pza',NULL,0),(954,'ABRIGO G-LANDER LAN5099 Dam',769,838.21,15,56,'Pza',NULL,0),(955,'CHALECO MISS JEANS 33-65888 INF',179,189.74,16,9,'Pza',NULL,0),(956,'CHAMARRA G-LANDER PF11438LS INF',199,210.94,16,11,'Pza',NULL,0),(957,'CHALECO BONITA DE MAS VB204 Dam',199,210.94,16,11,'Pza',NULL,0),(958,'SUDADERA NFL PACKERS GB 314836T INF',199,210.94,16,11,'Pza',NULL,0),(959,'SUDADERA DRY LAUNDRY DL23FWMHOD008 CAB',249,263.94,16,13,'Pza',NULL,0),(960,'SUDADERA DRY LAUNDRY DL23FWMHOD010 CAB',249,263.94,16,13,'Pza',NULL,0),(961,'CHAMARRA CAPITONADA BONITA DE MAS JB218 DAM',279,295.74,16,15,'Pza',NULL,0),(962,'CHAMARRA BONITA DE MAS CAPITONADA JB219 DAM',279,295.74,16,15,'Pza',NULL,0),(963,'CHAMARRA ROOS RSFWWJCT722 Dam',279,295.74,16,15,'Pza',NULL,0),(964,'CHAMARRA ROOS RS24FWWJCT161 Dam',279,295.74,16,15,'Pza',NULL,0),(965,'CHAMARRA J.H.N.S.J 6658E Dam',279,295.74,16,15,'Pza',NULL,0),(966,'CHALECO DRY LAUNDRY DL25FWWVST792 Dam',279,295.74,16,15,'Pza',NULL,0),(967,'CHALECO DRY LAUNDRY DL24FWWVST029 Dam',279,295.74,16,15,'Pza',NULL,0),(968,'CHALECO GREENGO CITYWEAR M114 CAB',279,295.74,16,15,'Pza',NULL,0),(969,'CHALECO BELLA FASHION VBL1568 Dam',279,295.74,16,15,'Pza',NULL,0),(970,'CHALECO ROOS RS25FWWVST053 Dam',279,295.74,16,15,'Pza',NULL,0),(971,'ABRIGO ROOS RS24FWMJCT390 CAB',279,295.74,16,15,'Pza',NULL,0),(972,'CHAMARRA G-LANDER BF11450LS INF',299,316.94,16,16,'Pza',NULL,0),(973,'CHAMARRA ROYAL CHIC RC23FWWJCT044 Dam',299,316.94,16,16,'Pza',NULL,0),(974,'CHAMARRA DEE DEE 33-61620 INF',299,316.94,16,16,'Pza',NULL,0),(975,'CHALECO ROOS RS24FWMVST350 CAB DAM',299,316.94,16,16,'Pza',NULL,0),(976,'CHAMARRA ROOS RS23SSWJCT001 Dam',329,348.74,16,17,'Pza',NULL,0),(977,'CHALECO BONAVI W175-B14-783 Dam',329,348.74,16,17,'Pza',NULL,0),(978,'CHALECO BONAVI W175-B14-784 Dam',329,348.74,16,17,'Pza',NULL,0),(979,'CHALECO ROOS VE02 Dam',329,348.74,16,17,'Pza',NULL,0),(980,'CHALECO ROOS RS24FWWVST300 Dam',349,369.94,16,18,'Pza',NULL,0),(981,'CHAMARRA DRY LAUNDRY DL25FWMJCT016 CAB',365,386.9,16,19,'Pza',NULL,0),(982,'CHAMARRA BELLA CBF0727 Dam',365,386.9,16,19,'Pza',NULL,0),(983,'CHAMARRA BELLA FASHION CBF0739 EXTR DAM',365,386.9,16,19,'Pza',NULL,0),(984,'CHAMARRA BELLA FASHION CBF0726 Dam',365,386.9,16,19,'Pza',NULL,0),(985,'CHAMARRA DRY LAUNDRY DL25FWMJCT028 CAB',365,386.9,16,19,'Pza',NULL,0),(986,'CHAMARRA DESMONT DRY LAUNDRY DL24FWMT017 CAB',369,391.14,16,20,'Pza',NULL,0),(987,'CHAMARRA TUBO BELLA LG102 Dam',369,391.14,16,20,'Pza',NULL,0),(988,'CHAMARRA TIM MEN FASHION MG114 CAB',369,391.14,16,20,'Pza',NULL,0),(989,'CHAMARRA TIM MEN FASHION MG115 CAB',369,391.14,16,20,'Pza',NULL,0),(990,'CHAMARRA TIM MEN FASHION MG116 CAB',369,391.14,16,20,'Pza',NULL,0),(991,'CHAMARRA BELLA FASHION LG105 Dam',369,391.14,16,20,'Pza',NULL,0),(992,'CHAMARRA BELLA FASHION LG1560 Dam',369,391.14,16,20,'Pza',NULL,0),(993,'CHAMARRA HPC POLO 315519 Dam',369,391.14,16,20,'Pza',NULL,0),(994,'CHAMARRA ROOS ABJ458 CAB',389,412.34,16,21,'Pza',NULL,0),(995,'CHAMARRA DRY LAUNDRY DL24FWWJCT044 Dam',389,412.34,16,21,'Pza',NULL,0),(996,'CHAMARRA G-LANDER VIN4217 Dam',449,475.94,16,24,'Pza',NULL,0),(997,'CHAMARRA CAZAD ROOS RS24FWMCOT010 CAB',449,475.94,16,24,'Pza',NULL,0),(998,'ABRIGO G-LANDER GAM 3495 Dam',449,475.94,16,24,'Pza',NULL,0),(999,'CHAMARRA HOLSTARK 3VT3048 MONICA Dam',469,497.14,16,25,'Pza',NULL,0),(1000,'CHAMARRA BELLA LG1511 Dam',469,497.14,16,25,'Pza',NULL,0),(1001,'CHAMARRA G-LANDER VIN4070 Dam',499,528.94,16,26,'Pza',NULL,0),(1002,'CHAMARRA NFL BRONCOS DENVER 315337 CAB',499,528.94,16,26,'Pza',NULL,0),(1003,'CHAMARRA NFL PATRIOTS NEW ENGLAND 315338 CAB',499,528.94,16,26,'Pza',NULL,0),(1004,'CHAMARRA NFL 49ERS 313615 CAB',499,528.94,16,26,'Pza',NULL,0),(1005,'CHALECO G-LANDER POL3403 CAB',499,528.94,16,26,'Pza',NULL,0),(1006,'CHALECO HAGGAR FC12356016 CAB',499,528.94,16,26,'Pza',NULL,0),(1007,'CHALECO G-LANDER POL3494 CAB',529,560.74,16,28,'Pza',NULL,0),(1008,'CHAMARRA G-LANDER VIN4082 Dam',599,634.94,16,32,'Pza',NULL,0),(1009,'ABRIGO BLACK RIVET 675555 CAB',599,634.94,16,32,'Pza',NULL,0),(1010,'CHAMARRA DIVINE LOOK VIN4075 Dam',649,687.94,16,34,'Pza',NULL,0),(1011,'CHAMARRA G-LANDER VIN4119 CAB',649,687.94,16,34,'Pza',NULL,0),(1012,'CHALECO G-LANDER POL4625 CAB',649,687.94,16,34,'Pza',NULL,0),(1013,'CHAMARRA G-LANDER POL 3421 Dam',769,815.14,16,41,'Pza',NULL,0),(1014,'CHAMARRA G-LANDER VIN4041 Dam',769,815.14,16,41,'Pza',NULL,0),(1015,'CHAMARRA G-LANDER POL3567 CAB',769,815.14,16,41,'Pza',NULL,0),(1016,'CHAMARRA G-LANDER VIN5437 Dam',769,815.14,16,41,'Pza',NULL,0),(1017,'CHAMARRA G-LANDER CAP5090 Dam',769,815.14,16,41,'Pza',NULL,0),(1018,'CHAMARRA G-LANDER CA4699 CAB',769,815.14,16,41,'Pza',NULL,0),(1019,'CHAMARRA G-LANDER POL4648 CAB',769,815.14,16,41,'Pza',NULL,0),(1020,'ABRIGO G-LANDER LAN5099 Dam',769,815.14,16,41,'Pza',NULL,0);
/*!40000 ALTER TABLE `productos` ENABLE KEYS */;
UNLOCK TABLES;

--
-- Table structure for table `proveedor`
--

DROP TABLE IF EXISTS `proveedor`;
/*!40101 SET @saved_cs_client     = @@character_set_client */;
/*!40101 SET character_set_client = utf8 */;
CREATE TABLE `proveedor` (
  `id` int(11) NOT NULL,
  `razonSocial` varchar(45) DEFAULT NULL,
  `estado` int(11) DEFAULT NULL,
  `persona_id` int(11) NOT NULL,
  PRIMARY KEY (`id`),
  KEY `fk_proveedor_persona1_idx` (`persona_id`),
  CONSTRAINT `fk_proveedor_persona1` FOREIGN KEY (`persona_id`) REFERENCES `persona` (`id`) ON DELETE NO ACTION ON UPDATE NO ACTION
) ENGINE=InnoDB DEFAULT CHARSET=utf8;
/*!40101 SET character_set_client = @saved_cs_client */;

--
-- Dumping data for table `proveedor`
--

LOCK TABLES `proveedor` WRITE;
/*!40000 ALTER TABLE `proveedor` DISABLE KEYS */;
INSERT INTO `proveedor` VALUES (1,'Abarrotes Duno SA',1,10),(2,'Central de Abasto de Puebla',1,11),(3,'Abarrotes CDMX',1,12);
/*!40000 ALTER TABLE `proveedor` ENABLE KEYS */;
UNLOCK TABLES;

--
-- Table structure for table `tienda`
--

DROP TABLE IF EXISTS `tienda`;
/*!40101 SET @saved_cs_client     = @@character_set_client */;
/*!40101 SET character_set_client = utf8 */;
CREATE TABLE `tienda` (
  `id` int(11) NOT NULL,
  `nombre` varchar(45) DEFAULT NULL,
  `domicilio` varchar(45) DEFAULT NULL,
  `estado` int(11) DEFAULT NULL,
  PRIMARY KEY (`id`)
) ENGINE=InnoDB DEFAULT CHARSET=utf8;
/*!40101 SET character_set_client = @saved_cs_client */;

--
-- Dumping data for table `tienda`
--

LOCK TABLES `tienda` WRITE;
/*!40000 ALTER TABLE `tienda` DISABLE KEYS */;
INSERT INTO `tienda` VALUES (1,'Walmart Reforma','reforma 2900',1),(2,'Walmart San Manuel','14 sur 3901',1),(3,'Walmart CD Judicial','Perifierico 4900',1),(4,'Walmart Cementera','15 de mayo 5900',1);
/*!40000 ALTER TABLE `tienda` ENABLE KEYS */;
UNLOCK TABLES;

--
-- Table structure for table `venta`
--

DROP TABLE IF EXISTS `venta`;
/*!40101 SET @saved_cs_client     = @@character_set_client */;
/*!40101 SET character_set_client = utf8 */;
CREATE TABLE `venta` (
  `id` int(11) NOT NULL,
  `proveedor_id` int(11) NOT NULL,
  `empleado_id` int(11) NOT NULL,
  `fecha` datetime NOT NULL,
  PRIMARY KEY (`id`),
  KEY `fk_venta_proveedor1_idx` (`proveedor_id`),
  CONSTRAINT `fk_venta_proveedor1` FOREIGN KEY (`proveedor_id`) REFERENCES `proveedor` (`id`) ON DELETE NO ACTION ON UPDATE NO ACTION
) ENGINE=InnoDB DEFAULT CHARSET=utf8;
/*!40101 SET character_set_client = @saved_cs_client */;

--
-- Dumping data for table `venta`
--

LOCK TABLES `venta` WRITE;
/*!40000 ALTER TABLE `venta` DISABLE KEYS */;
/*!40000 ALTER TABLE `venta` ENABLE KEYS */;
UNLOCK TABLES;
/*!40103 SET TIME_ZONE=@OLD_TIME_ZONE */;

/*!40101 SET SQL_MODE=@OLD_SQL_MODE */;
/*!40014 SET FOREIGN_KEY_CHECKS=@OLD_FOREIGN_KEY_CHECKS */;
/*!40014 SET UNIQUE_CHECKS=@OLD_UNIQUE_CHECKS */;
/*!40101 SET CHARACTER_SET_CLIENT=@OLD_CHARACTER_SET_CLIENT */;
/*!40101 SET CHARACTER_SET_RESULTS=@OLD_CHARACTER_SET_RESULTS */;
/*!40101 SET COLLATION_CONNECTION=@OLD_COLLATION_CONNECTION */;
/*!40111 SET SQL_NOTES=@OLD_SQL_NOTES */;

-- Dump completed on 2017-01-28 10:39:45
